Structure,TW_NAVD88,HW_NAVD88,GO_feet
S40,-3.55,5.2,4
S40,-3.15,5.95,4
S40,-2.524795075,6.989880363,4
S40,-2.448426957,7.115124077,4
S40,-2.384277737,7.231203618,4
S40,-2.314019068,7.350337882,4
S40,-2.234596225,7.460307973,4
S40,-2.176556455,7.564168614,4
S40,-2.112407235,7.652755632,4
S40,-2.451481681,6.43392046,4.5
S40,-2.35373049,6.611094495,4.5
S40,-2.252924573,6.779104356,4.5
S40,-2.16739228,6.931840593,4.5
S40,-2.072695813,7.087631555,4.5
S40,-1.996327695,7.209820544,4.5
S40,-1.898576503,7.350337882,4.5
S40,-1.834427283,7.475581597,4.5
S40,-1.770278064,7.564168614,4.5
S40,-1.718347743,7.646646182,4.5
S40,-2.216267876,6.13761216,5
S40,-2.081859988,6.381990139,5
S40,-1.944397374,6.650805916,5
S40,-1.816098935,6.855472474,5
S40,-1.70307412,7.032646509,5
S40,-1.617541827,7.179273297,5
S40,-1.498407562,7.335064259,5
S40,-1.412875269,7.490855221,5
S40,-1.321233527,7.643591458,5
S40,-1.895521778,5.89323418,5.5
S40,-1.81304421,6.07957239,5.5
S40,-1.727511917,6.244527526,5.5
S40,-1.63281545,6.424756286,5.5
S40,-1.528954809,6.620258669,5.5
S40,-1.431203618,6.797432704,5.5
S40,-1.330397701,6.953223666,5.5
S40,-1.202099262,7.170109123,5.5
S40,-1.101293345,7.356447332,5.5
S40,-1.012706328,7.490855221,5.5
S40,-0.914955136,7.646646182,5.5
S40,-1.357890224,6.31784092,6
S40,-1.254029582,6.504179129,6
S40,-1.125731143,6.714955136,6
S40,-0.994377979,6.90434807,6
S40,-0.878298439,7.075412656,6
S40,-0.759164174,7.249531966,6
S40,-0.655303533,7.390049304,6
S40,-0.585044864,7.487800496,6
S40,-0.475074773,7.643591458,6
S40,-0.594209038,6.699681512,6.5
S40,-0.447582251,6.855472474,6.5
S40,-0.27957239,6.995989812,6.5
S40,-0.077960557,7.151780774,6.5
S40,0.093104029,7.270915039,6.5
S40,0.25500444,7.347283158,6.5
S40,0.407740677,7.4389249,6.5
S40,0.572695813,7.518347743,6.5
S40,0.774307646,7.600825311,6.5
S41,-2.471217755,6.902823336,5
S41,-2.375757607,7.078470009,5
S41,-2.249750211,7.223569434,5
S41,-2.131379628,7.391579295,5
S41,-2.001553826,7.551952344,5
S41,-1.867909619,7.689414957,5
S41,-1.711354975,7.86506163,5
S41,-2.207747746,6.120050121,5.5
S41,-2.11992441,6.303333606,5.5
S41,-2.013009044,6.494253902,5.5
S41,-1.883183242,6.677537387,5.5
S41,-1.734265411,6.879912901,5.5
S41,-1.612076421,7.025012326,5.5
S41,-1.432611343,7.231206246,5.5
S41,-1.249327858,7.418308137,5.5
S41,-1.108046839,7.559589156,5.5
S41,-0.96676582,7.712325393,5.5
S41,-0.821666394,7.819240759,5.5
S41,-0.695658999,7.949066561,5.5
S41,-0.615472474,8.017797867,5.5
S41,-1.604439609,6.17732621,6
S41,-1.486069026,6.368246506,6
S41,-1.352424818,6.543893179,6
S41,-1.176778146,6.738631881,6
S41,-0.989676255,6.933370584,6
S41,-0.8254848,7.105198851,6
S41,-0.61929088,7.296119147,6
S41,-0.436007396,7.460310602,6
S41,-0.176355793,7.63977568,6
S41,-0.027437961,7.788693512,6
S41,0.148208711,7.914700907,6
S41,0.22457683,7.979613808,6
S41,-0.451281019,6.746268693,6.5
S41,-0.29090797,6.929552178,6.5
S41,-0.099987674,7.131927692,6.5
S41,0.083295811,7.296119147,6.5
S41,0.228395236,7.422126543,6.5
S41,0.377313067,7.53667872,6.5
S41,0.537686116,7.651230898,6.5
S41,0.614054235,7.719962205,6.5
S59,49.2135,53.3741,1
S59,49.4671,54.5622,1
S59,49.6694,55.8322,1
S59,49.9459,57.1308,1
S59,50.1683,58.6765,1
S59,50.3476,59.836,1
S59,50.4267,61.0217,1
S59,50.1797,52.3131,2
S59,50.5574,53.5304,2
S59,50.9841,54.8035,2
S59,51.3868,56.0211,2
S59,51.7636,57.2935,2
S59,52.1106,58.841,2
S59,52.3891,60.0294,2
S59,52.5214,61.023,2
S59,51.2157,52.9609,3
S59,51.5513,53.7369,3
S59,51.7182,54.18,3
S59,51.8639,54.4024,3
S59,52.1736,55.2331,3
S59,52.5072,56.1192,3
S59,52.8438,56.8401,3
S59,53.3673,58.2798,3
S59,53.8893,59.8022,3
S59,54.1017,60.4938,3
S59,54.2187,60.9362,3
S59,52.2254,53.6911,4
S59,52.5629,54.3569,4
S59,53.1402,55.577,4
S59,53.8597,57.2122,4
S59,54.412,58.432,4
S59,55.1556,60.1226,4
S59,55.4648,60.9809,4
S59,53.1311,54.6678,5
S59,53.6143,55.556,5
S59,54.1944,56.6108,5
S59,55.089,58.2209,5
S59,55.6916,59.4138,5
S59,56.1236,60.3839,5
S59,56.3882,60.9385,5
S59,54.0401,55.4516,6
S59,54.6926,56.6452,6
S59,55.4443,57.8677,6
S59,56.0258,58.8399,6
S59,56.7042,59.9787,6
S59,57.0412,60.672,6
S59,57.2608,60.9505,6
S59,54.8254,56.1787,7
S59,55.1404,56.7065,7
S59,55.6016,57.4291,7
S59,55.9655,58.0126,7
S59,56.4986,58.9015,7
S59,56.9607,59.569,7
S59,57.3217,60.3178,7
S59,57.6348,60.9557,7
S59,55.8308,57.1567,8
S59,56.0973,57.6012,8
S59,56.3893,58.0184,8
S59,56.6549,58.5179,8
S59,56.9953,59.0185,8
S59,57.3338,59.6292,8
S59,57.7221,60.2406,8
S59,58.084,60.9343,8
S59,56.8616,58.1076,9
S59,57.178,58.5527,9
S59,57.4441,59.0247,9
S59,57.8324,59.6361,9
S59,58.1723,60.1642,9
S59,58.4868,60.7195,9
S59,58.6565,60.9973,9
S60,55.38701612,60.82989247,2
S60,55.62016129,61.64034946,2
S60,55.85330645,62.22876344,2
S60,56.08645161,63.10583333,2
S60,56.34180107,63.88298387,2
S60,56.48612903,64.4380914,2
S60,56.65266129,64.89327957,2
S60,56.78588709,65.4705914,2
S60,56.8969086,66.14782258,2
S60,56.9857258,66.59190861,2
S60,57.0079301,66.91387097,2
S60,56.34180107,60.51903225,2.5
S60,56.57494623,61.39610215,2.5
S60,56.75258064,62.3952957,2.5
S60,57.01903225,63.18354839,2.5
S60,57.21887096,63.91629032,2.5
S60,57.50752688,64.88217742,2.5
S60,57.67405914,65.67043011,2.5
S60,57.77397849,66.19223119,2.5
S60,57.81838709,66.5475,2.5
S60,57.9072043,66.90276882,2.5
S60,56.76368279,60.27478494,3
S60,57.06344086,61.08524193,3
S60,57.31879032,62.10663978,3
S60,57.51862903,62.81717742,3
S60,57.68516129,63.4944086,3
S60,57.87389785,64.14943548,3
S60,58.0182258,64.78225807,3
S60,58.19586021,65.4039785,3
S60,58.40680107,66.09231183,3
S60,58.54002688,66.61411291,3
S60,58.61774193,66.93607527,3
S60,57.32989247,60.5079301,3.5
S60,57.66295699,61.46271505,3.5
S60,57.9294086,62.30647849,3.5
S60,58.25137097,63.26126344,3.5
S60,58.49561828,63.98290323,3.5
S60,58.77317204,64.78225807,3.5
S60,59.08403226,65.72594086,3.5
S60,59.29497312,66.4142742,3.5
S60,59.43930107,66.86946237,3.5
S60,57.68516129,60.30809139,4
S60,58.21806451,61.72916666,4
S60,58.63994624,62.87268817,4
S60,59.06182796,64.16053764,4
S60,59.30607527,64.87107527,4
S60,59.57252688,65.48169355,4
S60,59.79456989,66.26994624,4
S60,60.06102151,66.91387097,4
S60,58.31798387,60.53013441,5
S60,58.99521505,61.87349462,5
S60,59.46150538,63.03922043,5
S60,59.8833871,63.93849462,5
S60,60.29416667,64.80446237,5
S60,60.68274194,65.65932796,5
S60,60.94919355,66.22553764,5
S60,61.24895161,66.90276882,5
S60,59.0285215,61.27397849,6
S60,59.70575269,62.30647849,6
S60,60.40518817,63.46110215,6
S60,61.01580645,64.42698925,6
S60,61.50430108,65.41508065,6
S60,61.9039785,66.04790323,6
S60,62.29255377,66.91387097,6
S60,59.39489247,61.385,7
S60,59.8611828,61.95120968,7
S60,60.43849462,62.77276882,7
S60,60.9602957,63.43889785,7
S60,61.51540323,64.24935484,7
S60,62.0594086,65.05981183,7
S60,62.53680108,65.83696237,7
S60,62.9142742,66.4142742,7
S60,63.10301076,66.88056452,7
S60,60.13873656,61.80688172,8
S60,60.54951613,62.32868279,8
S60,61.11572581,63.09473118,8
S60,61.68193549,63.80526882,8
S60,62.21483871,64.57131721,8
S60,62.68112904,65.22634409,8
S60,63.16962366,65.99239248,8
S60,63.50268818,66.62521506,8
S60,63.66922043,66.93607527,8
S61,46.97276104,50.54282689,4
S61,47.46143925,51.24869542,4
S61,47.8686711,51.92741516,4
S61,48.34377492,52.78260204,4
S61,48.62883721,53.46132178,4
S61,48.9274739,54.18076471,4
S61,49.29398256,55.07667477,4
S61,49.63334243,55.99973363,4
S61,49.93197912,56.77347413,4
S61,50.33921097,57.79155375,4
S61,50.70571963,58.91822852,4
S61,46.97276104,48.96819708,5
S61,47.40714167,49.61976804,5
S61,47.88224549,50.44780612,5
S61,48.34377492,51.27584421,5
S61,49.21253619,52.87762281,5
S61,49.99985109,54.58799656,5
S61,50.54282689,55.71467133,5
S61,51.0315051,56.69202776,5
S61,51.41158816,57.52006585,5
S61,51.68307606,58.1852112,5
S61,52.02243593,58.91822852,5
S61,46.97276104,48.52024205,6
S61,47.6107576,49.29398256,6
S61,48.53381645,50.69214523,6
S61,49.48402409,52.25320064,6
S61,50.17631823,53.56991694,6
S61,50.84146358,54.72374051,6
S61,51.46588574,55.83684089,6
S61,52.00886153,56.80062292,6
S61,52.44324217,57.54721464,6
S61,52.82332523,58.28023196,6
S61,53.1491107,58.91822852,6
S61,46.97276104,48.28947734,7
S61,47.70577836,49.04964345,7
S61,48.64241161,50.20346702,7
S61,49.48402409,51.50660892,7
S61,50.16274383,52.60613491,7
S61,50.58355007,53.48847057,7
S61,53.05408994,57.24857795,7
S61,53.6920865,58.14448801,7
S61,54.2079135,58.90465413,7
S61,46.93203785,47.97726626,8
S61,47.57003441,48.58811403,8
S61,48.46594447,49.57904485,8
S61,49.41615211,50.86861236,8
S61,50.05414867,51.8323944,8
S61,50.65142205,52.79617644,8
S61,53.54276815,57.07211082,8
S61,54.18076471,57.9272977,8
S61,54.94093083,58.90465413,8
S61,47.17637696,47.96369186,9
S61,47.69220397,48.46594447,9
S61,48.31662613,49.14466422,9
S61,49.1989618,50.18989262,9
S61,49.85053275,51.08580268,9
S61,50.48852931,52.02243593,9
S61,53.46132178,56.44768866,9
S61,54.16719032,57.23500356,9
S61,54.7508893,58.03589286,9
S61,55.41603465,58.91822852,9
S61,47.43429046,47.99084065,10
S61,47.92296868,48.53381645,10
S61,48.60168842,49.25325938,10
S61,49.42972651,50.2441902,10
S61,50.36635975,51.35729058,10
S61,50.99078192,52.28034943,10
S61,54.16719032,56.63773018,10
S61,54.87305885,57.58793782,10
S61,55.48390662,58.37525273,10
S61,55.83684089,58.91822852,10
S61,47.66505518,47.96369186,11
S61,48.77815556,49.13108982,11
S61,49.66049122,50.08129746,11
S61,50.84146358,51.53375771,11
S61,51.54733211,52.56541172,11
S61,52.15817988,53.48847057,11
S61,54.52012458,56.51556063,11
S61,55.19884433,57.27572674,11
S61,55.85041528,58.13091362,11
S61,56.28479592,58.86393094,11
S61,51.64235287,52.1038823,12
S61,52.32107262,53.27128026,12
S61,54.61514535,56.10832878,12
S61,55.45675783,57.01781324,12
S61,56.24407273,58.03589286,12
S61,56.67845337,58.90465413,12
S62,53.081,57.0025,1
S62,53.5909,58.3037,1
S62,54.1332,60.5162,1
S62,54.4651,62.8219,1
S62,54.7432,64.9801,1
S62,54.7502,58.0522,2
S62,55.3959,59.9433,2
S62,55.9892,61.888,2
S62,56.5044,63.9798,2
S62,56.8011,64.9722,2
S62,56.3393,58.9542,3
S62,56.6368,60.0539,3
S62,57.202,61.7438,3
S62,57.7647,63.0452,3
S62,58.3803,64.3734,3
S62,58.6219,64.9905,3
S62,57.2136,59.506,4
S62,58.0946,61.0628,4
S62,59.0823,62.7941,4
S62,59.9368,64.3374,4
S62,60.3106,65.0084,4
S62,58.3797,60.2729,5
S62,59.26,61.7359,5
S62,60.2742,63.4941,5
S62,60.9413,64.6215,5
S62,61.2081,65.0644,5
S62,59.095,60.7171,6
S62,59.8414,61.8715,6
S62,60.6145,63.0796,6
S62,61.3881,64.3547,6
S62,61.7615,64.9587,6
S63,50.233,58.1866,1
S63,50.4164,58.8942,1
S63,50.6879,59.8098,1
S63,51.0893,61.5028,1
S63,51.3201,62.988,1
S63,51.4293,64.0292,1
S63,51.4714,64.5985,1
S63,51.4908,57.779,2
S63,51.8453,58.7082,2
S63,52.2924,60.026,2
S63,52.6536,61.2191,2
S63,52.9896,62.5094,2
S63,53.2501,64.0779,2
S63,53.3809,64.883,2
S63,52.81,57.91,3
S63,53.11,58.91,3
S63,53.61,59.91,3
S63,54.11,60.91,3
S63,54.41,61.91,3
S63,54.66,62.91,3
S63,54.91,64.91,3
S63,53.6971,57.5353,4
S63,54.2718,58.7268,4
S63,55.0508,60.085,4
S63,55.7502,61.5684,4
S63,56.1354,62.6225,4
S63,56.3216,63.4413,4
S63,56.4209,64.0937,4
S63,56.4365,64.7047,4
S63,56.035,59.7618,5
S63,56.4676,60.5102,5
S63,56.961,61.4805,5
S63,57.5741,62.8254,5
S63,57.906,63.9492,5
S63,58.0905,64.6985,5
S63,52.91,55.56,6
S63,57.3002,60.7292,6
S63,57.6759,61.4084,6
S63,58.1346,62.1011,6
S63,58.57,62.9605,6
S63,59.0062,63.8478,6
S63,59.2454,64.583,6
S63,59.3635,64.8881,6
S63,58.253,61.3367,7
S63,58.6545,61.9463,7
S63,59.1143,62.6807,7
S63,59.6607,63.5675,7
S63,59.9819,64.2746,7
S63,60.2714,64.8152,7
S63A,44.3763,54.3856,2.5
S63A,44.6145,55.0627,2.5
S63A,44.9844,56.1867,2.5
S63A,45.54,57.9335,2.5
S63A,45.826,58.8408,2.5
S63A,46.135,59.87,2.5
S63A,44.9194,54.2367,3
S63A,45.372,55.1981,3
S63A,46.1159,56.9585,3
S63A,46.5657,58.2585,3
S63A,46.9354,59.4096,3
S63A,47.0668,59.8971,3
S63A,45.5738,53.7356,3.5
S63A,45.8132,54.2773,3.5
S63A,46.1322,55.0085,3.5
S63A,46.6118,55.9835,3.5
S63A,47.0633,57.0669,3.5
S63A,47.515,58.1367,3.5
S63A,47.8052,59.071,3.5
S63A,48.0424,59.87,3.5
S63A,46.5456,54.169,4
S63A,46.9188,54.9002,4
S63A,47.5038,56.2273,4
S63A,47.9545,57.419,4
S63A,48.3524,58.4346,4
S63A,48.6969,59.3554,4
S63A,48.8552,59.87,4
S63A,48.4051,55.3606,5
S63A,48.9377,56.471,5
S63A,49.4683,57.8252,5
S63A,50.0266,59.1117,5
S63A,50.3451,59.8971,5
S63A,49.6986,56.2002,6
S63A,50.2858,57.27,6
S63A,50.8189,58.3127,6
S63A,51.38,59.2606,6
S63A,51.7,59.87,6
S63A,51.5041,57.3783,7
S63A,51.7972,57.9606,7
S63A,52.2778,58.8137,7
S63A,52.5711,59.3825,7
S63A,52.8648,59.8971,7
S63A,53.2017,58.4887,8
S63A,53.4138,59.044,8
S63A,53.6267,59.5044,8
S63A,53.8407,59.8429,8
S65,43.1805,52.9097,4
S65,43.4982,53.8402,4
S65,43.9743,55.2781,4
S65,44.3703,56.5466,4
S65,44.4498,56.7722,4
S65,43.12,50.9427,5
S65,43.8644,52.8331,5
S65,44.6631,54.7522,5
S65,45.2481,56.2194,5
S65,45.4879,56.7839,5
S65,43.116,48.8078,6
S65,43.9402,50.8957,6
S65,44.9789,53.3512,6
S65,46.0432,55.9755,6
S65,46.39,56.7379,6
S65,43.4454,48.6711,7
S65,44.6769,50.9883,7
S65,46.0404,53.7283,7
S65,47.6197,56.7236,7
S65,44.0443,48.8744,8
S65,45.2788,50.9108,8
S65,46.5103,53.228,8
S65,48.0933,55.8862,8
S65,48.6572,56.7914,8
S65,44.3727,48.8219,9
S65,45.6094,50.6617,9
S65,47.2747,53.2927,9
S65,48.9399,55.9238,9
S65,49.5323,56.717,9
S65,44.8899,48.9963,10
S65,46.4256,50.9798,10
S65,47.7428,52.9609,10
S65,50.4339,56.7271,10
S65,45.8406,49.5126,11
S65,47.4021,51.6369,11
S65,49.2865,54.2142,11
S65,50.6592,56.1117,11
S65,51.0628,56.678,11
S65,46.6009,49.9425,12
S65,47.6786,51.331,12
S65,48.8905,52.9457,12
S65,51.0189,55.6944,12
S65,51.7179,56.7415,12
S65,47.3351,50.2597,13
S65,48.6818,52.0445,13
S65,50.3255,54.1416,13
S65,52.0494,56.4082,13
S65,52.2645,56.7196,13
S65,47.9592,50.66,14
S65,49.1717,52.2186,14
S65,50.8967,54.3728,14
S65,52.3793,56.2153,14
S65,52.8376,56.7822,14
S65,48.4755,50.9186,15
S65,49.8245,52.4787,15
S65,51.4975,54.4076,15
S65,52.7109,55.8819,15
S65,53.4396,56.7047,15
S65A,36.79292626,49.78087686,2
S65A,37.01230833,50.27837558,2
S65A,37.20501554,50.76311024,2
S65A,36.79494557,47.28931975,2.5
S65A,37.22126976,48.3372431,2.5
S65A,37.79979026,49.81780618,2.5
S65A,38.17236584,50.81384234,2.5
S65A,36.82463694,44.8764244,3
S65A,37.80500058,47.53712177,3
S65A,38.60749024,49.81831308,3
S65A,38.96642922,50.78819791,3
S65A,37.30094534,43.10247104,4
S65A,37.84314315,44.80770962,4
S65A,38.74208612,47.33785803,4
S65A,39.500475,49.32972261,4
S65A,40.03868404,50.77137031,4
S65A,38.14130333,43.51112832,5
S65A,38.62456714,44.82181156,5
S65A,38.98430388,45.84441457,5
S65A,39.70278017,47.82372285,5
S65A,40.43489305,49.82918247,5
S65A,40.75312171,50.73379282,5
S65A,38.63488807,43.75385298,6
S65A,39.47389985,45.82354834,6
S65A,40.37830245,47.83948678,6
S65A,40.8170666,48.8344842,6
S65A,41.18944274,49.81734082,6
S65A,41.3845432,50.46023002,6
S65A,41.44248001,50.78888763,6
S65A,39.19545912,44.04825708,7
S65A,39.91094384,45.82987219,7
S65A,40.40245941,46.81085908,7
S65A,40.92104871,47.8309691,7
S65A,41.41316259,48.85149462,7
S65A,41.87820273,49.83289701,7
S65A,42.22410344,50.81616912,7
S65A,39.58214496,44.226746,8
S65A,39.89578653,44.82822683,8
S65A,40.41397696,45.82197776,8
S65A,40.94520567,46.80234141,8
S65A,41.55625954,47.80781765,8
S65A,42.61971414,49.83444265,8
S65A,43.00532799,50.81709153,8
S65A,39.95559308,44.40544267,9
S65A,40.81130782,45.82892486,9
S65A,41.40892453,46.82142931,9
S65A,42.6976197,48.85770214,9
S65A,43.81302797,50.81759843,9
S65A,40.52900297,44.67327993,10
S65A,41.26139008,45.82186142,10
S65A,41.91155878,46.78717579,10
S65A,43.25320481,48.82261763,10
S65A,44.58061593,50.79236949,10
S65A,41.19667237,45.0450993,11
S65A,42.45470392,46.8050172,11
S65A,43.90205222,48.82561751,11
S65A,45.28221476,50.78135884,11
S65A,42.09057953,45.49246423,12
S65A,43.72804235,47.82646512,12
S65A,44.41872193,48.84387442,12
S65A,45.10860377,49.80856554,12
S65A,45.7589719,50.78705945,12
S65D,15.85815935,26.98601992,5
S65D,16.17173298,27.59226227,5
S65D,16.43304434,28.14624235,5
S65D,17.08109651,29.36917951,5
S65D,17.48874223,30.18447095,5
S65D,17.7709585,30.74890349,5
S65D,18.0218174,31.22971639,5
S65D,16.23444771,24.98960114,6
S65D,16.72571306,26.04529903,6
S65D,17.16471615,27.09054446,6
S65D,17.61417168,28.12533744,6
S65D,18.03226986,29.06605834,6
S65D,18.34584349,29.8290875,6
S65D,18.66986957,30.47713967,6
S65D,18.87891866,31.03111976,6
S65D,19.01480057,31.26107375,6
S65D,16.88249988,24.7700996,7
S65D,17.27969314,25.70036803,7
S65D,17.76050605,26.87104292,7
S65D,18.16815177,27.68633436,7
S65D,18.4817254,28.5016258,7
S65D,18.85801375,29.27510742,7
S65D,19.15068247,29.93361205,7
S65D,19.38063647,30.51894949,7
S65D,19.72556746,31.22971639,7
S65D,17.31105051,24.66557505,8
S65D,17.72914868,25.49131895,8
S65D,18.24131895,26.55746929,8
S65D,18.62805976,27.50864264,8
S65D,19.15068247,28.49117335,8
S65D,19.5792331,29.41098933,8
S65D,19.96597391,30.15311359,8
S65D,20.23773773,30.74890349,8
S65D,20.45723927,31.22971639,8
S65D,17.94865022,25.07322077,9
S65D,18.5026303,26.17072848,9
S65D,19.16113493,27.39366564,9
S65D,19.67330519,28.3866488,9
S65D,20.20638037,29.40053688,9
S65D,20.74990799,30.36216268,9
S65D,21.02167181,30.92659521,9
S65D,21.19936353,31.2506213,9
S65D,18.86846621,25.60629594,10
S65D,19.28656438,26.56792174,10
S65D,19.74647237,27.51909509,10
S65D,20.25864264,28.48072089,10
S65D,20.62447854,29.26465497,10
S65D,21.04257671,29.99632677,10
S65D,21.49203225,30.64437894,10
S65D,21.85786815,31.2506213,10
S65D,19.51651838,25.91986957,11
S65D,19.87190183,26.68289874,11
S65D,20.30045245,27.61316718,11
S65D,20.82307517,28.54343562,11
S65D,21.2516258,29.36917951,11
S65D,21.7324387,30.19492341,11
S65D,22.08782215,30.74890349,11
S65D,22.41184823,31.24016884,11
S65D,20.08095091,26.14982357,12
S65D,20.49904909,27.02782974,12
S65D,20.96940953,27.93719327,12
S65D,21.53384207,28.89881907,12
S65D,22.01465497,29.73501542,12
S65D,22.43275314,30.38306759,12
S65D,22.77768414,30.95795258,12
S65D,23.04944795,31.26107375,12
S65D,20.64538345,26.48430211,13
S65D,21.17845862,27.38321318,13
S65D,21.66972398,28.18805217,13
S65D,22.0982746,28.89881907,13
S65D,22.53727769,29.62003842,13
S65D,23.08080531,30.32035286,13
S65D,23.46754612,30.87433294,13
S65D,23.79157221,31.2506213,13
S65D,21.18891107,26.70380365,14
S65D,21.93103533,27.72814418,14
S65D,22.53727769,28.55388807,14
S65D,23.15397249,29.45279915,14
S65D,23.57207067,30.0590415,14
S65D,24.03197866,30.61302158,14
S65D,24.46052929,31.27152621,14
S65D,22.02510742,27.08009201,15
S65D,22.59999241,27.85357363,15
S65D,23.16442495,28.53298316,15
S65D,23.67659521,29.17058288,15
S65D,24.22012284,29.84999241,15
S65D,24.64867347,30.41442495,15
S65D,25.05631919,30.9056903,15
S65D,25.33853545,31.26107375,15
S65DX1,17.06090449,26.78496204,0.5
S65DX1,17.08121753,27.17768084,0.5
S65DX1,17.07444651,27.4078953,0.5
S65DX1,17.08121753,27.86832424,0.5
S65DX1,17.08121753,28.36260824,0.5
S65DX1,17.07444651,28.85689224,0.5
S65DX1,17.09475956,29.35794726,0.5
S65DX1,17.10830158,29.94025444,0.5
S65DX1,17.1150726,30.48870655,0.5
S65DX1,17.10830158,31.02361663,0.5
S65DX1,17.12184361,31.60592382,0.5
S65DX1,17.0676755,19.77696283,1
S65DX1,17.07444651,20.1561396,1
S65DX1,17.08121753,20.6030265,1
S65DX1,17.10153057,21.11762355,1
S65DX1,17.12184361,21.58482349,1
S65DX1,17.14892767,22.14681763,1
S65DX1,17.16924071,22.78329292,1
S65DX1,17.19632476,23.58227254,1
S65DX1,17.23695084,24.5979246,1
S65DX1,17.2640349,25.5323245,1
S65DX1,17.27757693,26.29744905,1
S65DX1,17.29788997,27.27924604,1
S65DX1,17.32497402,28.05791262,1
S65DX1,17.34528706,28.78241109,1
S65DX1,17.37237112,29.84546025,1
S65DX1,17.37237112,30.38037033,1
S65DX1,17.40622619,30.96944852,1
S65DX1,17.4129972,31.42987746,1
S65DX1,17.40622619,31.72780206,1
S65DX1,17.0676755,18.21285866,1.5
S65DX1,17.09475956,18.62589049,1.5
S65DX1,17.12861462,19.07954841,1.5
S65DX1,17.16924071,19.6144585,1.5
S65DX1,17.20309578,20.08165845,1.5
S65DX1,17.24372186,20.57594245,1.5
S65DX1,17.28434794,21.33429599,1.5
S65DX1,17.311432,21.9843133,1.5
S65DX1,17.35882909,22.79006394,1.5
S65DX1,17.39268416,23.50779139,1.5
S65DX1,17.43331024,24.08332756,1.5
S65DX1,17.48070734,25.29533902,1.5
S65DX1,17.50779139,26.28390702,1.5
S65DX1,17.54841748,27.19122286,1.5
S65DX1,17.5619595,28.15947783,1.5
S65DX1,17.58227254,29.229298,1.5
S65DX1,17.62966964,30.10275877,1.5
S65DX1,17.64998268,30.72569203,1.5
S65DX1,17.67029572,31.3012282,1.5
S65DX1,17.6567537,31.71426003,1.5
S65DX1,17.05071484,17.69126676,2
S65DX1,17.13605714,18.22847116,2
S65DX1,17.20880357,18.80484671,2
S65DX1,17.25357061,19.35324286,2
S65DX1,17.31512528,20.05832363,2
S65DX1,17.36548819,20.57314451,2
S65DX1,17.42704286,21.40133462,2
S65DX1,17.48859753,22.22392885,2
S65DX1,17.56693984,23.32631703,2
S65DX1,17.62289863,24.26642473,2
S65DX1,17.70683681,25.78850384,2
S65DX1,17.75160385,26.76218681,2
S65DX1,17.78517912,27.55120577,2
S65DX1,17.8187544,28.73193626,2
S65DX1,17.87471319,29.7391945,2
S65DX1,17.8970967,30.62893928,2
S65DX1,17.91948022,31.39557472,2
S65DX1,17.93067198,31.72573159,2
S65DX1,17.05073227,17.47637138,3
S65DX1,17.10556269,17.73247278,3
S65DX1,17.36730594,18.17505595,3
S65DX1,17.47413636,18.79060265,3
S65DX1,17.50131544,19.68085615,3
S65DX1,17.61323302,20.48971504,3
S65DX1,17.69971479,21.30874825,3
S65DX1,17.82180669,22.55510315,3
S65DX1,17.89811414,23.43009516,3
S65DX1,17.98968307,24.50348651,3
S65DX1,18.081252,25.7091441,3
S65DX1,18.14738512,26.58413611,3
S65DX1,18.20843107,27.4336923,3
S65DX1,18.30508716,28.77161613,3
S65DX1,18.36104595,29.97218656,3
S65DX1,18.38139461,30.65895354,3
S65DX1,18.43226623,31.32537187,3
S65DX1,18.44752772,31.71708341,3
S65DX1,17.06058215,17.24734244,4
S65DX1,17.15307602,17.50170058,4
S65DX1,17.27794274,17.8393032,4
S65DX1,17.379686,18.18615521,4
S65DX1,17.48605395,18.62550109,4
S65DX1,17.75167128,19.1897137,4
S65DX1,17.7911627,19.85566956,4
S65DX1,17.82365657,20.54937358,4
S65DX1,17.93464921,21.36331964,4
S65DX1,18.05489125,22.172641,4
S65DX1,18.14276042,23.00508582,4
S65DX1,18.25837776,23.96702207,4
S65DX1,18.37861979,25.01682749,4
S65DX1,18.47111366,25.98801312,4
S65DX1,18.52660998,26.52447757,4
S65DX1,18.64685201,28.09224866,4
S65DX1,18.74859527,29.22067387,4
S65DX1,18.80409159,29.99299768,4
S65DX1,18.88271138,30.88556352,4
S65DX1,18.91970893,31.44515143,4
S65DX1,18.95208178,31.73188243,4
S65DX1,17.06058215,17.1317251,5
S65DX1,17.1363205,17.52482405,5
S65DX1,17.3750613,17.87630075,5
S65DX1,17.53692558,18.41738989,5
S65DX1,17.67104169,18.838237,5
S65DX1,17.79590841,19.37007675,5
S65DX1,18.10227636,19.98978567,5
S65DX1,18.12317678,20.60024521,5
S65DX1,18.47050858,21.28932454,5
S65DX1,18.37225184,21.94140632,5
S65DX1,18.44799019,23.21782172,5
S65DX1,18.57285692,24.10113818,5
S65DX1,18.68384956,24.9382077,5
S65DX1,18.79021751,25.8631464,5
S65DX1,18.80658546,26.65396898,5
S65DX1,18.83704023,27.4956632,5
S65DX1,18.83532626,28.0598758,5
S65DX1,18.90307442,28.4159772,5
S65DX1,18.8509436,29.24842203,5
S65DX1,18.90956339,30.03924461,5
S65DX1,19.05893379,30.75144741,5
S65DX1,19.30905481,31.41740327,5
S65DX1,20.3,31.71338366,5
S65DX2,11.32373239,25.79,3
S65DX2,11.60889133,26.29,3
S65DX2,11.87784707,26.79,3
S65DX2,12.13140399,27.29,3
S65DX2,12.37604413,27.79,3
S65DX2,12.61262192,28.29,3
S65DX2,12.84186932,28.79,3
S65DX2,13.05827658,29.29,3
S65DX2,13.26834577,29.79,3
S65DX2,13.47257051,30.29,3
S65DX2,13.67138629,30.79,3
S65DX2,13.86517952,31.29,3
S65DX2,14.05429476,31.79,3
S65DX2,14.23236946,32.29,3
S65DX2,14.40619512,32.79,3
S65DX2,13.01720512,25.79,4
S65DX2,13.38105538,26.29,4
S65DX2,13.73037554,26.79,4
S65DX2,14.05327101,27.29,4
S65DX2,14.36423461,27.79,4
S65DX2,14.66449614,28.29,4
S65DX2,14.95509748,28.79,4
S65DX2,15.22962016,29.29,4
S65DX2,15.49591839,29.79,4
S65DX2,15.7471413,30.29,4
S65DX2,15.99884942,30.79,4
S65DX2,16.23640409,31.29,4
S65DX2,16.46781649,31.79,4
S65DX2,16.69351225,32.29,4
S65DX2,16.91387242,32.79,4
S65DX2,14.36428406,25.79,5
S65DX2,14.81539962,26.29,5
S65DX2,15.23266777,26.79,5
S65DX2,15.63295172,27.29,5
S65DX2,16.01038915,27.79,5
S65DX2,16.37423186,28.29,5
S65DX2,16.72589815,28.79,5
S65DX2,17.0582839,29.29,5
S65DX2,17.37202682,29.79,5
S65DX2,17.67621464,30.29,5
S65DX2,17.98032824,30.79,5
S65DX2,18.25902012,31.29,5
S65DX2,18.53895205,31.79,5
S65DX2,18.81198679,32.29,5
S65DX2,19.06948759,32.79,5
S65DX2,15.41706266,25.79,6
S65DX2,15.95251956,26.29,6
S65DX2,16.45546936,26.79,6
S65DX2,16.92871967,27.29,6
S65DX2,17.37447006,27.79,6
S65DX2,17.80332909,28.29,6
S65DX2,18.20816815,28.79,6
S65DX2,18.59928398,29.29,6
S65DX2,18.96871631,29.79,6
S65DX2,19.32666722,30.29,6
S65DX2,19.67415566,30.79,6
S65DX2,20.01206618,31.29,6
S65DX2,20.33132333,31.79,6
S65DX2,20.64221722,32.29,6
S65DX2,20.93527418,32.79,6
S65DX2,16.20707348,25.79,7
S65DX2,16.84166747,26.29,7
S65DX2,17.42773662,26.79,7
S65DX2,17.97784652,27.29,7
S65DX2,18.49513839,27.79,7
S65DX2,18.9916577,28.29,7
S65DX2,19.46014173,28.79,7
S65DX2,19.91207717,29.29,7
S65DX2,20.33911673,29.79,7
S65DX2,20.74227238,30.29,7
S65DX2,21.14319415,30.79,7
S65DX2,21.52233731,31.29,7
S65DX2,21.88024708,31.79,7
S65DX2,22.23902552,32.29,7
S65DX2,22.57792037,32.79,7
S65DX2,16.7520134,25.79,8
S65DX2,17.48648098,26.29,8
S65DX2,18.17194917,26.79,8
S65DX2,18.8045395,27.29,8
S65DX2,19.39798691,27.79,8
S65DX2,19.96595804,28.29,8
S65DX2,20.50134429,28.79,8
S65DX2,21.00626312,29.29,8
S65DX2,21.49321403,29.79,8
S65DX2,21.95313709,30.29,8
S65DX2,22.39828218,30.79,8
S65DX2,22.83004699,31.29,8
S65DX2,23.23819096,31.79,8
S65DX2,23.63491042,32.29,8
S65DX2,24.02113456,32.79,8
S65DX2,17.97,26.04,9
S65DX2,18.30665663,26.29,9
S65DX2,18.69114034,26.79,9
S65DX2,19.42389442,27.29,9
S65DX2,20.09970707,27.79,9
S65DX2,20.74418266,28.29,9
S65DX2,21.35074097,28.79,9
S65DX2,21.92226835,29.29,9
S65DX2,22.46105958,29.79,9
S65DX2,22.98056742,30.29,9
S65DX2,23.48284454,30.79,9
S65DX2,23.95766501,31.29,9
S65DX2,24.41813526,31.79,9
S65DX2,24.85326252,32.29,9
S65DX2,25.2761482,32.79,9
S65DX2,19.59,26.97,10
S65DX2,20.20508492,27.29,10
S65DX2,20.61024075,27.79,10
S65DX2,21.33781283,28.29,10
S65DX2,22.02100633,28.79,10
S65DX2,22.66377385,29.29,10
S65DX2,23.26921097,29.79,10
S65DX2,23.83977855,30.29,10
S65DX2,24.4022039,30.79,10
S65DX2,24.92156077,31.29,10
S65DX2,25.43681088,31.79,10
S65DX2,25.92424086,32.29,10
S65DX2,26.38470545,32.79,10
S65DX2,21.29,26.79,11
S65DX2,21.79,28.1,11
S65DX2,22.06332427,28.29,11
S65DX2,22.50792063,28.79,11
S65DX2,23.22745853,29.29,11
S65DX2,23.90421258,29.79,11
S65DX2,24.54147306,30.29,11
S65DX2,25.15475416,30.79,11
S65DX2,25.74679043,31.29,11
S65DX2,26.2932603,31.79,11
S65DX2,26.83543246,32.29,11
S65DX2,27.34819454,32.79,11
S65DX2,23.54,28.79,12
S65DX2,23.79,29.29,12
S65DX2,24.38369903,29.79,12
S65DX2,25.09276433,30.29,12
S65DX2,25.77364069,30.79,12
S65DX2,26.41618881,31.29,12
S65DX2,27.02260142,31.79,12
S65DX2,27.6086767,32.29,12
S65DX2,28.16225995,32.79,12
S65E,8.39,19.29,5
S65E,8.59,19.79,5
S65E,8.8446,20.3294,5
S65E,9.063,20.9689,5
S65E,9.3221,21.6608,5
S65E,9.6444,22.2587,5
S65E,9.9476,22.7518,5
S65E,8.59,18.29,6
S65E,8.39,17.79,6
S65E,8.8854,18.8636,6
S65E,9.2853,19.8282,6
S65E,9.7867,20.9293,6
S65E,10.3294,22.0304,6
S65E,10.856,22.7965,6
S65E,8.9001,17.7956,7
S65E,9.3836,18.6976,7
S65E,10.0072,19.9247,7
S65E,10.5504,20.984,7
S65E,10.9548,21.624,7
S65E,11.1575,21.9074,7
S65E,11.5648,22.338,7
S65E,11.9322,22.6637,7
S65E,12.0958,22.7899,7
S65E,10.0859,18.7103,8
S65E,10.653,19.5393,8
S65E,11.2007,20.274,8
S65E,11.8516,21.0195,8
S65E,12.627,21.7235,8
S65E,13.3222,22.2493,8
S65E,13.7937,22.523,8
S65E,14.3066,22.7864,8
S65E,12.2596,19.9004,9
S65E,13.3865,20.5845,9
S65E,14.4931,21.2477,9
S65E,15.9286,22.0271,9
S65E,16.7904,22.4591,9
S65E,17.5296,22.7965,9
S65E,15.7397,20.7385,10
S65E,16.5602,21.1704,10
S65E,17.4008,21.6443,10
S65E,18.1598,22.0446,10
S65E,18.8569,22.4342,10
S65E,19.5342,22.7609,10
S65EX1,5.848154207,15.79,3.5
S65EX1,6.112826013,16.29,3.5
S65EX1,6.366048805,16.79,3.5
S65EX1,6.612020785,17.29,3.5
S65EX1,6.848254901,17.79,3.5
S65EX1,7.078720193,18.29,3.5
S65EX1,7.30402879,18.79,3.5
S65EX1,7.521103834,19.29,3.5
S65EX1,7.733823391,19.79,3.5
S65EX1,7.938843561,20.29,3.5
S65EX1,8.143863589,20.79,3.5
S65EX1,8.341658493,21.29,3.5
S65EX1,8.536199027,21.79,3.5
S65EX1,6.581780807,15.79,4.5
S65EX1,6.893035105,16.29,4.5
S65EX1,7.190444722,16.79,4.5
S65EX1,7.475320445,17.29,4.5
S65EX1,7.752355705,17.79,4.5
S65EX1,8.018763479,18.29,4.5
S65EX1,8.27512443,18.79,4.5
S65EX1,8.525810964,19.29,4.5
S65EX1,8.771392404,19.79,4.5
S65EX1,9.008264078,20.29,4.5
S65EX1,9.240773553,20.79,4.5
S65EX1,9.46927209,21.29,4.5
S65EX1,9.694067793,21.79,4.5
S65EX1,7.121756304,15.79,5.5
S65EX1,7.476512291,16.29,5.5
S65EX1,7.818067579,16.79,5.5
S65EX1,8.140864669,17.29,5.5
S65EX1,8.454003498,17.79,5.5
S65EX1,8.754787134,18.29,5.5
S65EX1,9.048164354,18.79,5.5
S65EX1,9.330816959,19.29,5.5
S65EX1,9.60323583,19.79,5.5
S65EX1,9.870146961,20.29,5.5
S65EX1,10.13208173,20.79,5.5
S65EX1,10.38947812,21.29,5.5
S65EX1,10.63813645,21.79,5.5
S65EX1,7.500407675,15.79,6.5
S65EX1,7.908527917,16.29,6.5
S65EX1,8.291913101,16.79,6.5
S65EX1,8.657235806,17.29,6.5
S65EX1,9.006576876,17.79,6.5
S65EX1,9.341496524,18.29,6.5
S65EX1,9.663176311,18.79,6.5
S65EX1,9.976957374,19.29,6.5
S65EX1,10.27926181,19.79,6.5
S65EX1,10.57523231,20.29,6.5
S65EX1,10.86552046,20.79,6.5
S65EX1,11.14592019,21.29,6.5
S65EX1,11.42150884,21.79,6.5
S65EX1,8.016627716,15.79,7.5
S65EX1,8.20470833,16.29,7.5
S65EX1,8.636984259,16.79,7.5
S65EX1,9.042885824,17.29,7.5
S65EX1,9.429546413,17.79,7.5
S65EX1,9.799209157,18.29,7.5
S65EX1,10.15809914,18.79,7.5
S65EX1,10.50311263,19.29,7.5
S65EX1,10.83521625,19.79,7.5
S65EX1,11.15516164,20.29,7.5
S65EX1,11.47330785,20.79,7.5
S65EX1,11.77568259,21.29,7.5
S65EX1,12.07755279,21.79,7.5
S65EX1,9.139956178,16.79,8.5
S65EX1,9.317564788,17.29,8.5
S65EX1,9.748566059,17.79,8.5
S65EX1,10.15478818,18.29,8.5
S65EX1,10.54304733,18.79,8.5
S65EX1,10.91994993,19.29,8.5
S65EX1,11.28221059,19.79,8.5
S65EX1,11.63087075,20.29,8.5
S65EX1,11.9718113,20.79,8.5
S65EX1,12.30591192,21.29,8.5
S65EX1,12.62865236,21.79,8.5
S65EX1,10.09,17.54,9.5
S65EX1,10.23752619,17.79,9.5
S65EX1,10.41533142,18.29,9.5
S65EX1,10.83963071,18.79,9.5
S65EX1,11.25003153,19.29,9.5
S65EX1,11.638553,19.79,9.5
S65EX1,12.01668908,20.29,9.5
S65EX1,12.3858144,20.79,9.5
S65EX1,12.74170401,21.29,9.5
S65EX1,13.09045146,21.79,9.5
S65EX1,11.09,18.29,10.5
S65EX1,11.31325397,18.79,10.5
S65EX1,11.49208299,19.29,10.5
S65EX1,11.91872454,19.79,10.5
S65EX1,12.32777836,20.29,10.5
S65EX1,12.72076998,20.79,10.5
S65EX1,13.20910285,21.29,10.5
S65EX1,13.84292038,21.79,10.5
S65EX1,12.29,19.29,11.5
S65EX1,12.37011112,19.79,11.5
S65EX1,12.56022747,20.29,11.5
S65EX1,13.23163333,20.79,11.5
S65EX1,13.94796406,21.29,11.5
S65EX1,14.63983635,21.79,11.5
S65EX1,15.29,22.29,11.5
S65EX1,15.92,22.79,11.5
S65EX1,14.29,20.29,12.5
S65EX1,14.3284164,20.79,12.5
S65EX1,14.51430674,21.29,12.5
S65EX1,15.28273171,21.79,12.5
S65EX1,15.99,22.29,12.5
S65EX1,16.59,22.79,12.5
S67,30.11509312,34.5886746,0.5
S67,30.11509312,35.12428143,0.5
S67,30.0959643,35.62163063,0.5
S67,30.14378634,36.26244594,0.5
S67,30.14378634,36.9510833,0.5
S67,30.14378634,37.68754269,0.5
S67,30.17247956,38.3187936,0.5
S67,30.18204397,38.96917332,0.5
S67,30.17247956,39.4473937,0.5
S67,30.20117279,39.78214797,0.5
S67,30.10118844,31.2285135,1
S67,30.12993196,31.68122401,1
S67,30.1514896,32.12674864,1
S67,30.19460489,32.57227326,1
S67,30.23772018,33.15432963,1
S67,30.28802134,33.68608482,1
S67,30.30957899,34.28969883,1
S67,30.34550839,34.83582579,1
S67,30.36706604,35.4394398,1
S67,30.4173672,36.20114319,1
S67,30.44611073,36.98440423,1
S67,30.47485425,37.65269117,1
S67,30.51796954,38.41439456,1
S67,30.51796954,39.09705326,1
S67,30.54671306,39.57850729,1
S67,30.55389894,39.79408372,1
S67,30.09203737,30.55539999,1.5
S67,30.14602596,30.91712353,1.5
S67,30.21081226,31.3004425,1.5
S67,30.26480085,31.71075577,1.5
S67,30.31339058,32.08327702,1.5
S67,30.36198031,32.46119714,1.5
S67,30.40517118,32.86071269,1.5
S67,30.43756433,33.24943052,1.5
S67,30.4807552,33.70833352,1.5
S67,30.52934493,34.40478631,1.5
S67,30.57793466,34.98786306,1.5
S67,30.62652439,35.59253524,1.5
S67,30.68051298,36.5535321,1.5
S67,30.73450157,37.32017005,1.5
S67,30.7830913,38.03821827,1.5
S67,30.81548445,38.545711,1.5
S67,30.85327646,39.30155123,1.5
S67,30.89106847,39.78744852,1.5
S67,30.09631343,30.37798507,2
S67,30.14001213,30.53821361,2
S67,30.18662407,30.72466138,2
S67,30.24780224,30.94606809,2
S67,30.30315392,31.19660727,2
S67,30.34685261,31.45879944,2
S67,30.38472481,31.70351212,2
S67,30.41677052,31.9161791,2
S67,30.47794869,32.26285541,2
S67,30.52456063,32.60661847,2
S67,30.57408582,32.97660074,2
S67,30.61487127,33.29414459,2
S67,30.64109048,33.62334142,2
S67,30.70226866,34.09237407,2
S67,30.74596735,34.53227425,2
S67,30.7867528,34.95178172,2
S67,30.82171175,35.31302426,2
S67,30.87997668,35.97433116,2
S67,30.92950187,36.54241418,2
S67,30.97611381,37.0405793,2
S67,31.01398601,37.55622389,2
S67,31.05185821,38.09517445,2
S67,31.09264366,38.54672762,2
S67,31.1334291,39.18181531,2
S67,31.15673507,39.55179758,2
S67,31.1771278,39.78194404,2
S67,30.0964604,30.27146584,2.5
S67,30.15791862,30.44354885,2.5
S67,30.20708519,30.60743744,2.5
S67,30.24805734,30.71806224,2.5
S67,30.29722391,30.86556196,2.5
S67,30.34229328,31.04583941,2.5
S67,30.37916821,31.18104749,2.5
S67,30.42833478,31.39000544,2.5
S67,30.49389022,31.75465755,2.5
S67,30.58812616,32.15618458,2.5
S67,30.63729273,32.51264226,2.5
S67,30.71513981,33.03298852,2.5
S67,30.78479246,33.59430693,2.5
S67,30.85854232,34.09416712,2.5
S67,30.92000054,34.6186106,2.5
S67,30.98145876,35.0938875,2.5
S67,31.06340306,35.7084697,2.5
S67,31.12076406,36.23291318,2.5
S67,31.17402785,36.74096779,2.5
S67,31.22319443,37.35145278,2.5
S67,31.31333315,38.22825672,2.5
S67,31.36249973,38.80596399,2.5
S67,31.40347187,39.22387988,2.5
S67,31.42805516,39.55165705,2.5
S67,31.45263845,39.78929551,2.5
S67,30.09080556,30.20553793,3
S67,30.16530037,30.36468594,3
S67,30.23979519,30.53399233,3
S67,30.30751774,30.72361549,3
S67,30.37862643,30.9200109,3
S67,30.42941835,31.10624793,3
S67,30.4971409,31.32634624,3
S67,30.5580912,31.59385034,3
S67,30.63258601,31.90198797,3
S67,30.70030857,32.20673947,3
S67,30.79850628,32.69434188,3
S67,30.85607045,33.01263789,3
S67,30.91363462,33.33770616,3
S67,31.01521846,33.92689241,3
S67,31.08294101,34.39756417,3
S67,31.1540497,34.8750082,3
S67,31.26917805,35.77233207,3
S67,31.34367286,36.37167669,3
S67,31.39446477,36.82880395,3
S67,31.44864282,37.1640306,3
S67,31.51297925,37.85818681,3
S67,31.57054342,38.44737305,3
S67,31.62472147,38.92143094,3
S67,31.68567177,39.50384493,3
S67,31.71614692,39.78489354,3
S67,30.09053081,30.17030541,3.5
S67,30.14904391,30.27461137,3.5
S67,30.22536535,30.43234235,3.5
S67,30.2864225,30.57480903,3.5
S67,30.3449356,30.69946738,3.5
S67,30.38818442,30.82666978,3.5
S67,30.44415347,30.96404837,3.5
S67,30.48740229,31.09888291,3.5
S67,30.60188444,31.43978534,3.5
S67,30.6527654,31.64330917,3.5
S67,30.73671899,31.94859493,3.5
S67,30.81304042,32.26660092,3.5
S67,30.95550711,32.87717243,3.5
S67,31.0292845,33.21553081,3.5
S67,31.12087023,33.69635587,3.5
S67,31.17683928,34.04743449,3.5
S67,31.23789643,34.36798453,3.5
S67,31.27605715,34.60712503,3.5
S67,31.30658573,34.82336911,3.5
S67,31.38036312,35.2100644,3.5
S67,31.45159646,35.72905018,3.5
S67,31.51265361,36.13609785,3.5
S67,31.55844647,36.49735266,3.5
S67,31.5915191,36.73140507,3.5
S67,31.65257625,37.24530276,3.5
S67,31.7085453,37.70831949,3.5
S67,31.78232269,38.19677669,3.5
S67,31.82302746,38.48934221,3.5
S67,31.88408461,39.11263396,3.5
S67,31.91970128,39.48915305,3.5
S67,31.96040605,39.77917452,3.5
S67X,33.36715772,36.97352763,0.5
S67X,33.38286685,37.59403837,0.5
S67X,33.41428512,38.28524021,0.5
S67X,33.43784882,38.90575095,0.5
S67X,33.46141252,39.55767996,0.5
S67X,33.47712165,40.26459093,0.5
S67X,33.50853991,40.81441058,0.5
S67X,33.36938803,33.89211337,1
S67X,33.53423695,34.56120606,1
S67X,33.71847987,35.44363265,1
S67X,33.90272278,36.49090816,1
S67X,34.03848072,37.28606179,1
S67X,34.16454166,38.00363946,1
S67X,34.27120861,38.85697507,1
S67X,34.32939058,39.47758278,1
S67X,34.41666354,40.09819049,1
S67X,34.47484552,40.81576816,1
S67X,33.37908502,33.54302153,1.5
S67X,33.61181292,34.00847731,1.5
S67X,33.84454081,34.62908502,1.5
S67X,34.0869657,35.23999574,1.5
S67X,34.31969359,36.02545238,1.5
S67X,34.53302749,36.79151502,1.5
S67X,34.69787641,37.56727466,1.5
S67X,34.89181632,38.3430343,1.5
S67X,35.02757426,39.17697592,1.5
S67X,35.14393821,39.8654626,1.5
S67X,35.24090816,40.40849435,1.5
S67X,35.31848413,40.83516215,1.5
S67X,33.39847902,33.46544556,2
S67X,33.66999489,33.89211337,2
S67X,33.93181377,34.34787215,2
S67X,34.27120861,35.00726785,2
S67X,34.56211848,35.70545153,2
S67X,34.91121031,36.68484807,2
S67X,35.19242318,37.53818368,2
S67X,35.45424206,38.38182229,2
S67X,35.62878798,39.06061197,2
S67X,35.78393991,39.69091668,2
S67X,35.90030386,40.19516045,2
S67X,36.04575879,40.82546515,2
S67X,33.63120691,33.70787045,2.5
S67X,33.93181377,34.12484126,2.5
S67X,34.21302664,34.62908502,2.5
S67X,34.56211848,35.21090475,2.5
S67X,34.83363435,35.72484552,2.5
S67X,35.09545323,36.29696825,2.5
S67X,35.32818112,36.849697,2.5
S67X,35.59,37.52848668,2.5
S67X,35.88090987,38.33333731,2.5
S67X,36.15242574,39.12849094,2.5
S67X,36.37545664,39.91394758,2.5
S67X,36.52091157,40.48607031,2.5
S67X,36.62757852,40.81576816,2.5
S67X,34.11605668,34.32847816,3
S67X,34.45545153,34.81332794,3
S67X,34.78514937,35.34666269,3
S67X,35.23121117,36.09333135,3
S67X,35.69666695,37.09212188,3
S67X,36.17181973,38.26545834,3
S67X,36.49182058,39.11879394,3
S67X,35.94878883,37.72242659,3
S67X,36.68576049,39.60364372,3
S67X,36.86030641,40.16606946,3
S67X,37.01545834,40.56364627,3
S67X,37.0930343,40.81576816,3
S67X,34.0772687,34.21211422,3.5
S67X,34.41726955,34.62908502,3.5
S67X,34.68817942,35.06544982,3.5
S67X,35.07605924,35.63757256,3.5
S67X,35.46393906,36.28727126,3.5
S67X,35.86151587,37.04363691,3.5
S67X,36.22030471,37.81939655,3.5
S67X,36.4530326,38.3527313,3.5
S67X,36.75363946,39.08000596,3.5
S67X,37.02515534,39.73940166,3.5
S67X,37.23848924,40.34061538,3.5
S67X,37.41303516,40.81576816,3.5
S68,26.8206,35.9157,1
S68,27.1095,37.6507,1
S68,27.37,39.6835,1
S68,27.6565,41.9331,1
S68,27.8361,43.9655,1
S68,28.0165,45.8354,1
S68,27.0994,33.8854,1.5
S68,27.4178,35.0516,1.5
S68,27.7887,36.516,1.5
S68,28.1056,38.0073,1.5
S68,28.3425,39.3086,1.5
S68,28.7112,41.2606,1.5
S68,29.0526,43.2938,1.5
S68,29.2618,44.7575,1.5
S68,29.3647,45.8685,1.5
S68,27.5847,33.9147,2
S68,28.0925,34.9192,2
S68,28.6257,36.276,2
S68,29.29,38.4732,2
S68,29.7383,40.7235,2
S68,30.1338,42.7298,2
S68,30.449,44.6003,2
S68,30.6323,45.8201,2
S68,28.097,33.917,2.5
S68,28.7927,35.1391,2.5
S68,29.4333,36.6047,2.5
S68,30.0192,38.2327,2.5
S68,30.5505,40.0229,2.5
S68,31.0533,42.138,2.5
S68,31.4764,44.009,2.5
S68,31.7138,45.1748,2.5
S68,31.8454,45.9068,2.5
S68,28.877,34.381,3
S68,29.5997,35.5761,3
S68,30.2415,36.7709,3
S68,30.9895,38.3454,3
S68,31.6028,39.8922,3
S68,32.0545,41.3841,3
S68,32.6411,42.8495,3
S68,33.0398,44.1515,3
S68,33.548,45.0748,3
S68,33.8413,45.8075,3
S68,29.5226,34.7361,3.5
S68,30.1662,35.5245,3.5
S68,30.9165,36.5843,3.5
S68,31.5853,37.7792,3.5
S68,32.1463,38.9466,3.5
S68,32.8143,40.3311,3.5
S68,33.4036,41.2005,3.5
S68,33.8051,41.8795,3.5
S68,34.1803,42.3959,3.5
S68,34.7141,43.6173,3.5
S68,34.9542,44.1872,3.5
S68,35.2477,44.8928,3.5
S68,35.567,45.8424,3.5
S68,30.5714,35.3638,4
S68,31.1076,36.0705,4
S68,31.9934,36.9684,4
S68,33.0122,38.3003,4
S68,34.0575,39.7136,4
S68,34.6465,40.6644,4
S68,35.0206,41.4245,4
S68,35.3131,42.3469,4
S68,35.5238,43.4584,4
S68,35.8154,44.5703,4
S68,36.108,45.4656,4
S68,36.3222,45.8187,4
S68,33.2885,36.8118,5
S68,34.2776,38.7395,5
S68,35.2137,40.4502,5
S68,36.0698,41.971,5
S68,36.9265,43.3564,5
S68,37.7294,44.7144,5
S68,38.3716,45.8279,5
S68,34.2032,37.3035,6
S68,34.8724,38.39,6
S68,35.5956,39.4768,6
S68,36.3459,40.5366,6
S68,37.2034,41.7595,6
S68,37.9535,42.8464,6
S68,38.3814,43.6338,6
S68,38.8361,44.4756,6
S68,35.2252,37.904,7
S68,35.788,38.665,7
S68,36.5115,39.6976,7
S68,37.2357,40.5677,7
S68,37.9064,41.3292,7
S68,38.3346,42.0625,7
S68,38.7627,42.7958,7
S68,36.1933,38.5043,8
S68,36.649,39.1023,8
S68,37.1315,39.7546,8
S68,37.6946,40.4614,8
S68,38.3117,41.1414,8
S68,38.7672,41.7936,8
S68,37.0536,39.0771,9
S68,37.3755,39.4577,9
S68,37.724,39.9198,9
S68,38.1262,40.4363,9
S68,38.5554,40.9258,9
S68,38.8507,41.2251,9
S68X,21.0394302,32.84,1
S68X,21.2071785,33.34,1
S68X,21.36625131,33.84,1
S68X,21.519722,34.34,1
S68X,21.66600005,34.84,1
S68X,21.80805851,35.34,1
S68X,21.94320699,35.84,1
S68X,22.07838534,36.34,1
S68X,22.20697239,36.84,1
S68X,22.33270889,37.34,1
S68X,22.45591177,37.84,1
S68X,22.57684982,38.34,1
S68X,22.69576558,38.84,1
S68X,22.81287058,39.34,1
S68X,22.92836474,39.84,1
S68X,23.03561007,40.34,1
S68X,23.14786926,40.84,1
S68X,23.25898569,41.34,1
S68X,23.36101566,41.84,1
S68X,23.46964801,42.34,1
S68X,23.56864468,42.84,1
S68X,23.67517915,43.34,1
S68X,23.771455,43.84,1
S68X,23.86640373,44.34,1
S68X,23.97003474,44.84,1
S68X,24.06263171,45.34,1
S68X,24.15406711,45.84,1
S68X,24.25536575,46.34,1
S68X,24.34473661,46.84,1
S68X,24.43308004,47.34,1
S68X,22.58296071,32.84,2
S68X,22.83270515,33.34,2
S68X,23.06626372,33.84,2
S68X,23.28774029,34.34,2
S68X,23.49845856,34.84,2
S68X,23.70203802,35.34,2
S68X,23.8967409,35.84,2
S68X,24.08587726,36.34,2
S68X,24.2700632,36.84,2
S68X,24.44696636,37.34,2
S68X,24.619754,37.84,2
S68X,24.78885034,38.34,2
S68X,24.95478925,38.84,2
S68X,25.11789914,39.34,2
S68X,25.27480606,39.84,2
S68X,25.42902464,40.34,2
S68X,25.58492102,40.84,2
S68X,25.73462826,41.34,2
S68X,25.88224463,41.84,2
S68X,26.02793384,42.34,2
S68X,26.17184989,42.84,2
S68X,26.31413199,43.34,2
S68X,26.44892517,43.84,2
S68X,26.58792624,44.34,2
S68X,26.72564821,44.84,2
S68X,26.86221492,45.34,2
S68X,26.9902735,45.84,2
S68X,27.1243148,46.34,2
S68X,27.24940214,46.84,2
S68X,27.38122232,47.34,2
S68X,23.53339425,32.84,3
S68X,23.8554684,33.34,3
S68X,24.15555793,33.84,3
S68X,24.43939503,34.34,3
S68X,24.70916825,34.84,3
S68X,24.96341721,35.34,3
S68X,25.20937265,35.84,3
S68X,25.44815897,36.34,3
S68X,25.67739403,36.84,3
S68X,25.89759873,37.34,3
S68X,26.11259266,37.84,3
S68X,26.32288677,38.34,3
S68X,26.52891709,38.84,3
S68X,26.72743776,39.34,3
S68X,26.92225797,39.84,3
S68X,27.11364957,40.34,3
S68X,27.3018588,40.84,3
S68X,27.48710536,41.34,3
S68X,27.66957463,41.84,3
S68X,27.84547847,42.34,3
S68X,28.01881045,42.84,3
S68X,28.19388102,43.34,3
S68X,28.36273227,43.84,3
S68X,28.52949908,44.34,3
S68X,28.69430973,44.84,3
S68X,28.85726753,45.34,3
S68X,29.01850231,45.84,3
S68X,29.17810956,46.34,3
S68X,29.33619793,46.84,3
S68X,29.49286543,47.34,3
S68X,24.14118138,32.84,4
S68X,24.54024291,33.34,4
S68X,24.90673812,33.84,4
S68X,25.24843851,34.34,4
S68X,25.57190733,34.84,4
S68X,25.87962411,35.34,4
S68X,26.16992937,35.84,4
S68X,26.45107705,36.34,4
S68X,26.72433264,36.84,4
S68X,26.98326061,37.34,4
S68X,27.23583429,37.84,4
S68X,27.48273424,38.34,4
S68X,27.72453909,38.84,4
S68X,27.95772044,39.34,4
S68X,28.18655801,39.84,4
S68X,28.40726689,40.34,4
S68X,28.62838606,40.84,4
S68X,28.84182186,41.34,4
S68X,29.05196022,41.84,4
S68X,29.25901988,42.34,4
S68X,29.46318851,42.84,4
S68X,29.66463884,43.34,4
S68X,29.85891646,43.84,4
S68X,30.05531297,44.34,4
S68X,30.2446728,44.84,4
S68X,30.43652244,45.34,4
S68X,30.62143499,45.84,4
S68X,30.8042421,46.34,4
S68X,30.98503822,46.84,4
S68X,31.16390293,47.34,4
S68X,25.29474868,33.84,5
S68X,25.79066949,34.34,5
S68X,26.20229873,34.84,5
S68X,26.55684554,35.34,5
S68X,26.8940344,35.84,5
S68X,27.21976729,36.34,5
S68X,27.52788872,36.84,5
S68X,27.82737805,37.34,5
S68X,28.11522686,37.84,5
S68X,28.39631067,38.34,5
S68X,28.6713804,38.84,5
S68X,28.9367133,39.34,5
S68X,29.19262601,39.84,5
S68X,29.44382701,40.34,5
S68X,29.69528821,40.84,5
S68X,29.93364365,41.34,5
S68X,30.17289388,41.84,5
S68X,30.40872769,42.34,5
S68X,30.63652771,42.84,5
S68X,30.86121244,43.34,5
S68X,31.08296323,43.84,5
S68X,31.30195076,44.34,5
S68X,31.51831907,44.84,5
S68X,31.72701271,45.34,5
S68X,31.93847605,45.84,5
S68X,32.1423753,46.34,5
S68X,32.34939486,46.84,5
S68X,32.54891992,47.34,5
S68X,26.2690994,34.84,6
S68X,26.73090138,35.34,6
S68X,27.17676187,35.84,6
S68X,27.60723768,36.34,6
S68X,28.02275996,36.84,6
S68X,28.42366529,37.34,6
S68X,28.81020013,37.84,6
S68X,29.12958194,38.34,6
S68X,29.43210919,38.84,6
S68X,29.72818677,39.34,6
S68X,30.01377505,39.84,6
S68X,30.29401983,40.34,6
S68X,30.56939953,40.84,6
S68X,30.84033506,41.34,6
S68X,31.10218557,41.84,6
S68X,31.36012226,42.34,6
S68X,31.6092732,42.84,6
S68X,31.86013087,43.34,6
S68X,32.10252027,43.84,6
S68X,32.34718674,44.34,6
S68X,32.58360505,44.84,6
S68X,32.81725555,45.34,6
S68X,33.0096023,45.84,6
S68X,33.13327152,46.34,6
S68X,33.23728678,46.84,6
S68X,33.32076224,47.34,6
S70,15.1098,24.5204,2.5
S70,15.6327,25.572,2.5
S70,16.3122,26.983,2.5
S70,16.861,28.1677,2.5
S70,17.0695,28.78,2.5
S70,15.7477,22.6036,3
S70,17.0309,24.5071,3
S70,18.1041,26.2509,3
S70,18.8887,27.7284,3
S70,19.4903,28.8466,3
S70,17.7238,21.8715,4
S70,19.0076,23.602,4
S70,20.2646,25.4522,4
S70,21.1543,26.983,4
S70,22.044,28.5138,4
S70,22.2272,28.8332,4
S70,19.2495,22.0579,5
S70,20.1665,23.2692,5
S70,21.0571,24.5337,5
S70,21.738,25.5454,5
S70,22.5235,26.77,5
S70,23.073,27.7151,5
S70,23.5441,28.5005,5
S70,23.7273,28.7933,5
S70,20.013,21.9381,6
S70,20.878,23.003,6
S70,21.7162,24.161,6
S70,22.5543,25.3857,6
S70,23.3924,26.6103,6
S70,24.0206,27.6352,6
S70,24.4393,28.3674,6
S70,24.7009,28.8199,6
S70,21.6397,23.4289,7
S70,22.5571,24.5471,7
S70,23.3693,25.6386,7
S70,24.1286,26.81,7
S70,24.9141,28.008,7
S70,25.3854,28.7534,7
S71,8.9001,20.2398,2
S71,9.0269,20.8335,2
S71,9.1535,21.4541,2
S71,9.255,21.9129,2
S71,9.1222,16.7215,3
S71,9.7375,17.964,3
S71,10.5585,19.4903,3
S71,11.1493,20.4227,3
S71,11.8171,21.5036,3
S71,12.1512,21.9901,3
S71,10.7025,16.0796,4
S71,12.0648,18.0258,4
S71,13.5049,19.9317,4
S71,14.6366,21.3782,4
S71,15.2025,22.0813,4
S71,12.6418,16.167,5
S71,13.6187,17.5321,5
S71,14.647,18.9648,5
S71,15.7271,20.3842,5
S71,17.0133,21.993,5
S71,13.7026,16.0627,6
S71,14.6794,17.4413,6
S71,16.0679,19.3202,6
S71,17.2252,20.8207,6
S71,18.0738,21.9426,6
S71,14.3232,16.0918,7
S71,15.7889,18.0383,7
S71,17.178,19.7688,7
S71,18.4899,21.4047,7
S71,18.9531,21.9591,7
S72,9.2312,16.7528,2
S72,10.0762,18.2989,2
S72,10.8916,20.0772,2
S72,11.6776,22.0732,2
S72,12.0412,23.2817,2
S72,12.1004,16.7881,3
S72,13.1156,18.379,3
S72,14.2145,20.2757,3
S72,15.087,22.0108,3
S72,15.5373,22.9003,3
S72,13.5777,16.7698,4
S72,14.6791,18.158,4
S72,15.6102,19.5158,4
S72,16.54,21.1352,4
S72,17.5264,22.813,4
S72,14.4584,16.7762,5
S72,15.5604,18.0191,5
S72,16.6898,19.4946,5
S72,17.8754,21.1013,5
S72,19.032,22.824,5
S72,15.1118,16.7664,6
S72,16.1008,17.8923,6
S72,17.4,19.4998,6
S72,18.6143,21.034,6
S72,19.4613,22.1588,6
S72,19.9127,22.8304,6
S72,15.8027,17.2942,7
S72,16.6954,18.3179,7
S72,17.8258,19.5755,7
S72,18.9841,20.935,7
S72,19.888,22.0457,7
S72,20.5374,22.8785,7
S75,17.05113275,25.29246337,2
S75,17.57038351,26.41858299,2
S75,18.11736202,27.43004697,2
S75,18.85315898,28.85100899,2
S75,19.39632939,30.01555872,2
S75,19.75258538,30.69406753,2
S75,19.21187438,23.43064992,3
S75,19.67789102,24.6967808,3
S75,20.57985616,26.43778218,3
S75,21.77456925,28.41031623,3
S75,22.49311074,29.52494807,3
S75,23.28468056,30.70384166,3
S75,20.4841379,23.28565638,4
S75,21.07990773,24.33570914,4
S75,21.96652146,25.69383746,4
S75,23.04639642,27.28286377,4
S75,23.9090905,28.60256198,4
S75,24.72775338,29.69231422,4
S75,25.44915095,30.69213174,4
S75,21.58134767,23.17782359,5
S75,22.53622958,24.79157084,5
S75,23.78290741,26.67512222,5
S75,24.79419685,28.02128674,5
S75,25.75732965,29.3033482,5
S75,26.84355145,30.63723159,5
S75,22.40147826,23.20857402,6
S75,23.33275786,24.77113402,6
S75,24.33896983,26.32141289,6
S75,25.32380088,27.73120447,6
S75,26.71812205,29.6794936,6
S75,27.51540402,30.62875856,6
S82,23.1447,28.8814,0.5
S82,23.6116,30.9524,0.5
S82,24.0766,33.3728,0.5
S82,24.5668,36.062,0.5
S82,24.8975,38.7778,0.5
S82,23.9942,28.8833,1
S82,24.468,29.664,1
S82,24.9137,30.7133,1
S82,25.3546,32.6767,1
S82,25.8172,35.5541,1
S82,26.1781,37.5979,1
S82,26.3309,38.8079,1
S82,24.8705,28.8584,2
S82,25.5295,29.747,2
S82,26.108,30.7967,2
S82,26.9481,32.5727,2
S82,27.5758,34.3483,2
S82,28.0981,35.9893,2
S82,28.5933,37.7377,2
S82,28.9058,38.8674,2
S82,26.6177,29.8032,3
S82,27.0383,30.5837,3
S82,27.8018,31.7951,3
S82,28.7224,33.41,3
S82,29.8259,35.5899,3
S82,30.6395,37.3659,3
S82,31.1627,38.8187,3
S82,28.1538,30.5055,4
S82,28.9962,31.8515,4
S82,29.9963,33.4935,4
S82,30.9962,35.1893,4
S82,31.9428,36.9119,4
S82,32.6257,38.2844,4
S82,32.8618,38.8225,4
S82,29.081,30.884,5
S82,29.6869,31.7724,5
S82,31.0304,33.7378,5
S82,32.2678,35.7029,5
S82,33.373,37.5602,5
S82,34.1099,38.7716,5
S82,29.9545,31.3698,6
S82,30.692,32.4736,6
S82,31.6667,33.9005,6
S82,32.6674,35.435,6
S82,33.7992,37.2924,6
S82,34.6944,38.6922,6
S82,30.6161,31.7745,7
S82,31.5114,33.1475,7
S82,32.486,34.6013,7
S82,33.3814,35.9742,7
S82,34.4081,37.6163,7
S82,34.7241,38.1009,7
S82,31.3563,32.3676,8
S82,32.0677,33.3907,8
S82,32.7,34.306,8
S82,33.4637,35.4637,8
S82,34.0429,36.3789,8
S82,34.7015,37.3482,8
S82,31.8851,32.772,9
S82,32.6233,33.7414,9
S82,33.4664,34.9529,9
S82,34.178,35.9491,9
S82,34.7049,36.703,9
S83,22.8426,33.9309,4
S83,23.0694,34.4253,4
S83,23.2963,34.9779,4
S83,23.6648,35.8212,4
S83,24.1755,37.101,4
S83,24.5726,38.09,4
S83,24.8282,38.8173,4
S83,22.8308,29.7328,5
S83,23.2271,30.4302,5
S83,23.7652,31.4474,5
S83,24.4163,32.5807,5
S83,25.011,33.7142,5
S83,25.7758,35.2258,5
S83,26.3995,36.6216,5
S83,26.9663,37.8428,5
S83,27.4198,38.8314,5
S83,23.5046,28.9417,6
S83,24.0139,29.7259,6
S83,24.7213,30.8588,6
S83,25.4005,31.9627,6
S83,26.1078,33.0664,6
S83,26.7874,34.3161,6
S83,27.6932,35.8852,6
S83,28.3444,37.0767,6
S83,28.826,38.036,6
S83,29.2226,38.8209,6
S83,24.5469,28.9356,7
S83,25.1127,29.8069,7
S83,25.933,31.0266,7
S83,26.5838,32.0432,7
S83,27.3195,33.2051,7
S83,28.3097,34.7445,7
S83,29.1021,36.0519,7
S83,29.7817,37.3016,7
S83,30.2345,38.0569,7
S83,30.6873,38.7832,7
S83,25.2229,28.9316,8
S83,25.7886,29.7447,8
S83,26.5238,30.7608,8
S83,27.231,31.8062,8
S83,28.0229,32.9386,8
S83,28.8713,34.0999,8
S83,30.116,35.9877,8
S83,30.7951,37.0624,8
S83,31.3891,37.9336,8
S83,31.9268,38.8051,8
S83,25.8146,28.9865,9
S83,26.5495,29.886,9
S83,27.4542,31.0469,9
S83,28.7266,32.7596,9
S83,30.2254,34.8208,9
S83,31.7526,36.9694,9
S83,32.9972,38.7989,9
S83,26.2934,28.9546,10
S83,27.3674,30.2311,10
S83,29.1764,32.4071,10
S83,31.0138,34.6996,10
S83,32.1162,36.0635,10
S83,32.8514,37.0504,10
S83,33.219,37.5439,10
S83,26.8567,28.9221,11
S83,27.6764,29.9086,11
S83,28.6371,30.9817,11
S83,29.796,32.3744,11
S83,30.8134,33.5638,11
S83,31.944,34.9274,11
S83,32.7639,36.0014,11
S83,33.4987,36.8426,11
S83X,12.61631166,25.8,1
S83X,12.78493187,26.3,1
S83X,12.94460386,26.8,1
S83X,13.0984946,27.3,1
S83X,13.24498715,27.8,1
S83X,13.38714285,28.3,1
S83X,13.52221418,28.8,1
S83X,13.65732122,29.3,1
S83X,13.7856824,29.8,1
S83X,13.91114456,30.3,1
S83X,14.03402712,30.8,1
S83X,14.15460739,31.3,1
S83X,14.27313267,31.8,1
S83X,14.38983117,32.3,1
S83X,14.50490602,32.8,1
S83X,14.61157479,33.3,1
S83X,14.72338605,33.8,1
S83X,14.83404978,34.3,1
S83X,14.93547122,34.8,1
S83X,15.04363812,35.3,1
S83X,15.14201977,35.8,1
S83X,15.24808351,36.3,1
S83X,15.34373949,36.8,1
S83X,15.43806389,37.3,1
S83X,15.54123787,37.8,1
S83X,15.63320684,38.3,1
S83X,15.72402059,38.8,1
S83X,15.82487476,39.3,1
S83X,15.9136298,39.8,1
S83X,16.00136339,40.3,1
S83X,14.20292426,25.8,2
S83X,14.45478643,26.3,2
S83X,14.68992394,26.8,2
S83X,14.91257822,27.3,2
S83X,15.12414852,27.8,2
S83X,15.32835278,28.3,2
S83X,15.52342139,28.8,2
S83X,15.71276724,29.3,2
S83X,15.89702889,29.8,2
S83X,16.07383278,30.3,2
S83X,16.24641762,30.8,2
S83X,16.41523126,31.3,2
S83X,16.5808242,31.8,2
S83X,16.74353173,32.3,2
S83X,16.89991659,32.8,2
S83X,17.05358011,33.3,2
S83X,17.20896736,33.8,2
S83X,17.35805489,34.3,2
S83X,17.50503069,34.8,2
S83X,17.65006306,35.3,2
S83X,17.79331046,35.8,2
S83X,17.93490786,36.3,2
S83X,18.06890532,36.8,2
S83X,18.20721068,37.3,2
S83X,18.34423977,37.8,2
S83X,18.48009913,38.3,2
S83X,18.60734239,38.8,2
S83X,18.74068823,39.3,2
S83X,18.86495394,39.8,2
S83X,18.99609067,40.3,2
S83X,14.8,25.5,3
S83X,15.17826061,25.8,3
S83X,15.3,26,3
S83X,15.50373991,26.3,3
S83X,15.80654747,26.8,3
S83X,16.09259915,27.3,3
S83X,16.36415893,27.8,3
S83X,16.6197558,28.3,3
S83X,16.86680592,28.8,3
S83X,17.10646611,29.3,3
S83X,17.33631506,29.8,3
S83X,17.55690346,30.3,3
S83X,17.77214035,30.8,3
S83X,17.9825508,31.3,3
S83X,18.1885865,31.8,3
S83X,18.38694669,32.3,3
S83X,18.58152042,32.8,3
S83X,18.77259471,33.3,3
S83X,18.96042531,33.8,3
S83X,19.14522909,34.3,3
S83X,19.32720942,34.8,3
S83X,19.50250653,35.3,3
S83X,19.67520074,35.8,3
S83X,19.87102081,36.3,3
S83X,20.06662938,36.8,3
S83X,20.25951552,37.3,3
S83X,20.44987005,37.8,3
S83X,20.63787562,38.3,3
S83X,20.82370833,38.8,3
S83X,21.00753919,39.3,3
S83X,21.18953535,39.8,3
S83X,21.36986123,40.3,3
S83X,15.79984616,25.8,4
S83X,16.20351242,26.3,4
S83X,16.57373607,26.8,4
S83X,16.91851699,27.3,4
S83X,17.24458349,27.8,4
S83X,17.67975114,28.3,4
S83X,18.09424449,28.8,4
S83X,18.49692982,29.3,4
S83X,18.88934055,29.8,4
S83X,19.25712588,30.3,4
S83X,19.61591453,30.8,4
S83X,19.96663265,31.3,4
S83X,20.31006922,31.8,4
S83X,20.63811965,32.3,4
S83X,20.95969865,32.8,4
S83X,21.26610309,33.3,4
S83X,21.57604978,33.8,4
S83X,21.8712772,34.3,4
S83X,22.16140054,34.8,4
S83X,22.44676142,35.3,4
S83X,22.72766711,35.8,4
S83X,23.00439511,36.3,4
S83X,23.26653497,36.8,4
S83X,23.53545111,37.3,4
S83X,23.78984609,37.8,4
S83X,24.0518014,38.3,4
S83X,24.29924346,38.8,4
S83X,24.54337873,39.3,4
S83X,24.78436438,39.8,4
S83X,25.02234604,40.3,4
S83X,15.8,25.7,5
S83X,15.98845842,25.8,5
S83X,16.3,26.06,5
S83X,16.53469717,26.3,5
S83X,16.8,26.55,5
S83X,17.05,26.68,5
S83X,17.18983667,26.8,5
S83X,17.3,26.93,5
S83X,17.89802095,27.3,5
S83X,18.50269491,27.8,5
S83X,19.07217514,28.3,5
S83X,19.61597195,28.8,5
S83X,20.14448108,29.3,5
S83X,20.6417812,29.8,5
S83X,21.12646688,30.3,5
S83X,21.5903303,30.8,5
S83X,22.04377221,31.3,5
S83X,22.48790369,31.8,5
S83X,22.9129844,32.3,5
S83X,23.318948,32.8,5
S83X,23.71692884,33.3,5
S83X,24.11912421,33.8,5
S83X,24.49148454,34.3,5
S83X,24.86914638,34.8,5
S83X,25.24102196,35.3,5
S83X,25.59492424,35.8,5
S83X,25.94331295,36.3,5
S83X,26.28653184,36.8,5
S83X,26.62489256,37.3,5
S83X,26.95867867,37.8,5
S83X,27.27435369,38.3,5
S83X,27.59951743,38.8,5
S83X,27.90657613,39.3,5
S83X,28.22400484,39.8,5
S83X,28.52327863,40.3,5
S83X,14.8,24.54,6
S83X,15.3,24.8,6
S83X,15.98845842,25.8,6
S83X,16.53469717,26.3,6
S83X,17.18983667,26.8,6
S83X,18.02264173,27.3,6
S83X,18.85409771,27.8,6
S83X,19.68053688,28.3,6
S83X,20.4985391,28.8,6
S83X,21.30489641,29.3,6
S83X,22.09658468,29.8,6
S83X,22.74667514,30.3,6
S83X,23.3221274,30.8,6
S83X,23.88451546,31.3,6
S83X,24.42327118,31.8,6
S83X,24.95101988,32.3,6
S83X,25.45605875,32.8,6
S83X,25.95147014,33.3,6
S83X,26.43811457,33.8,6
S83X,26.91674348,34.3,6
S83X,27.37384102,34.8,6
S83X,27.82353051,35.3,6
S83X,28.25154512,35.8,6
S83X,28.68767603,36.3,6
S83X,29.10245043,36.8,6
S83X,29.52678871,37.3,6
S83X,29.92993968,37.8,6
S83X,30.32765216,38.3,6
S83X,30.72023418,38.8,6
S83X,31.10796786,39.3,6
S83X,31.19086789,39.8,6
S83X,31.15809997,40.3,6
S84,6.79,21.49,3
S84,7.79,24.69,3
S84,8.841133917,27.98394679,3
S84,9.200614325,29.16216358,3
S84,9.503147696,30.0549112,3
S84,9.711128176,30.66271161,3
S84,9.11445816,23.24274867,4
S84,10.66060428,25.61136566,4
S84,11.56572843,26.97284902,4
S84,12.79118415,28.69248183,4
S84,13.9415717,30.48949241,4
S84,10.91595091,21.40934836,5
S84,12.15952777,22.76613424,5
S84,12.83811971,23.65366246,5
S84,13.70520741,24.7866661,5
S84,15.23165351,26.57845727,5
S84,16.55065738,28.04870011,5
S84,17.75644897,29.31059058,5
S84,18.54782259,30.1774695,5
S84,13.67983781,21.2946518,6
S84,15.20596096,22.91469173,6
S84,15.77112531,23.47936675,6
S84,16.75092292,24.55355416,6
S84,18.25795608,26.02118729,6
S84,19.42596239,27.18818234,6
S84,20.10423138,27.90395931,6
S84,17.29251184,22.58038845,7
S84,18.91247022,24.10370617,7
S84,20.41950337,25.5713393,7
S84,20.70212143,25.87276029,7
S84,19.81375484,23.42325809,8
S84,20.2659222,23.89408158,8
S84,20.68026841,24.25092618,8
S84X,5.010281466,19.79,1
S84X,5.164524102,20.29,1
S84X,5.311226905,20.79,1
S84X,5.453515663,21.29,1
S84X,5.588608553,21.79,1
S84X,5.723729143,22.29,1
S84X,5.852010296,22.79,1
S84X,5.977349355,23.29,1
S84X,6.100072902,23.79,1
S84X,6.220471772,24.29,1
S84X,6.338796961,24.79,1
S84X,6.455276753,25.29,1
S84X,6.57012011,25.79,1
S84X,6.676462612,26.29,1
S84X,6.788021135,26.79,1
S84X,6.898429448,27.29,1
S84X,6.9994965,27.79,1
S84X,7.107402081,28.29,1
S84X,7.205413584,28.79,1
S84X,7.311208812,29.29,1
S84X,7.406489753,29.79,1
S84X,7.500435499,30.29,1
S84X,6.787936352,19.79,2
S84X,7.011462795,20.29,2
S84X,7.223653124,20.79,2
S84X,7.428303345,21.29,2
S84X,7.623639066,21.79,2
S84X,7.813135263,22.29,2
S84X,7.997447866,22.79,2
S84X,8.174168779,23.29,2
S84X,8.346609495,23.79,2
S84X,8.515226588,24.29,2
S84X,8.680572096,24.79,2
S84X,8.843002422,25.29,2
S84X,8.999024038,25.79,2
S84X,9.152296318,26.29,2
S84X,9.30733337,26.79,2
S84X,9.455992883,27.29,2
S84X,9.602531378,27.79,2
S84X,9.747116039,28.29,2
S84X,9.889899132,28.79,2
S84X,10.03103617,29.29,2
S84X,10.16449063,29.79,2
S84X,7.928308958,19.79,3
S84X,8.216104761,20.29,3
S84X,8.489020403,20.79,3
S84X,8.745571762,21.29,3
S84X,8.993358413,21.79,3
S84X,9.233570957,22.29,3
S84X,9.463755662,22.79,3
S84X,9.684480446,23.29,3
S84X,9.899742022,23.79,3
S84X,10.11008522,24.29,3
S84X,10.31597799,24.79,3
S84X,10.51406215,25.29,3
S84X,10.70830281,25.79,3
S84X,10.89900057,26.29,3
S84X,11.08641026,26.79,3
S84X,11.27076256,27.29,3
S84X,11.45226335,27.79,3
S84X,11.62698985,28.29,3
S84X,11.7990984,28.79,3
S84X,11.97303026,29.29,3
S84X,12.14057096,29.79,3
S84X,8.713685401,19.79,4
S84X,9.061335682,20.29,4
S84X,9.389711026,20.79,4
S84X,9.701473479,21.29,4
S84X,10.08424449,21.79,4
S84X,10.48692982,22.29,4
S84X,10.87934055,22.79,4
S84X,11.24712588,23.29,4
S84X,11.60591453,23.79,4
S84X,11.95663265,24.29,4
S84X,12.30006922,24.79,4
S84X,12.62811965,25.29,4
S84X,12.94969865,25.79,4
S84X,13.25610309,26.29,4
S84X,13.56604978,26.79,4
S84X,13.8612772,27.29,4
S84X,14.15140054,27.79,4
S84X,14.43676142,28.29,4
S84X,14.71766711,28.79,4
S84X,14.99439511,29.29,4
S84X,15.25653497,29.79,4
S84X,9.210833562,19.79,5
S84X,9.888020953,20.29,5
S84X,10.49269491,20.79,5
S84X,11.06217514,21.29,5
S84X,11.60597195,21.79,5
S84X,12.13448108,22.29,5
S84X,12.6317812,22.79,5
S84X,13.11646688,23.29,5
S84X,13.5803303,23.79,5
S84X,14.03377221,24.29,5
S84X,14.47790369,24.79,5
S84X,14.9029844,25.29,5
S84X,15.308948,25.79,5
S84X,15.70692884,26.29,5
S84X,16.10912421,26.79,5
S84X,16.48148454,27.29,5
S84X,16.85914638,27.79,5
S84X,17.23102196,28.29,5
S84X,17.58492424,28.79,5
S84X,17.93331295,29.29,5
S84X,18.27653184,29.79,5
S84X,9.210833562,19.79,6
S84X,10.00980553,20.29,6
S84X,10.84099115,20.79,6
S84X,11.6671616,21.29,6
S84X,12.48489785,21.79,6
S84X,13.29099297,22.29,6
S84X,14.08242382,22.79,6
S84X,14.85632803,23.29,6
S84X,15.60998505,23.79,6
S84X,16.34080041,24.29,6
S84X,17.04629243,24.79,6
S84X,16.94101988,25.29,6
S84X,17.44605875,25.79,6
S84X,17.94147014,26.29,6
S84X,18.42811457,26.79,6
S84X,18.90674348,27.29,6
S84X,19.36384102,27.79,6
S84X,19.81353051,28.29,6
S97,6.579159694,18.74365591,1.5
S97,6.721705824,19.28094517,1.5
S97,6.91907739,20.16911722,1.5
S97,7.094518781,20.87088278,1.5
S97,7.28092526,21.6165087,1.5
S97,7.412506303,22.26344883,1.5
S97,7.555052434,22.77880791,1.5
S97,7.642773129,23.26127174,1.5
S97,7.774354173,23.77663083,1.5
S97,6.842321781,16.69449887,2
S97,7.094518781,17.44977565,2
S97,7.379611042,18.64207487,2
S97,7.631808042,19.50156113,2
S97,7.884005042,20.47613965,2
S97,8.201992564,21.68229922,2
S97,8.377433956,22.51564583,2
S97,8.596735695,23.19548122,2
S97,8.717351652,23.72180539,2
S97,7.555052434,16.66028939,2.5
S97,7.807249434,17.61425195,2.5
S97,8.103306782,18.53531926,2.5
S97,8.421294304,19.55507235,2.5
S97,8.662526217,20.44324439,2.5
S97,8.947618478,21.46299748,2.5
S97,9.177885304,22.21958848,2.5
S97,9.364291782,22.96521439,2.5
S97,9.528768087,23.39285278,2.5
S97,9.616488783,23.75470065,2.5
S97,8.114271869,16.68221956,3
S97,8.410329217,17.51556617,3
S97,8.739281826,18.72172574,3
S97,9.101129695,19.88402496,3
S97,9.375256869,20.73930174,3
S97,9.649384043,21.73712465,3
S97,9.912546131,22.58143635,3
S97,10.13184787,23.20644631,3
S97,10.29632417,23.83145626,3
S97,8.673491304,16.71511482,3.5
S97,9.112094782,18.06382052,3.5
S97,9.594558609,19.64279304,3.5
S97,10.01123191,20.79412717,3.5
S97,10.30728926,21.70422939,3.5
S97,10.60334661,22.51564583,3.5
S97,10.78975309,23.16258596,3.5
S97,10.9432643,23.6340847,3.5
S97,9.15595513,16.75897517,4
S97,9.484907739,17.75679809,4
S97,9.835790522,18.78751626,4
S97,10.274394,19.94981548,4
S97,10.54852117,20.73930174,4
S97,10.93229922,21.72615957,4
S97,11.17353113,22.3730997,4
S97,11.3709027,23.02003983,4
S97,11.54634409,23.56829418,4
S97,9.40815213,16.70028939,4.5
S97,9.824825435,17.6581123,4.5
S97,10.21956857,18.64497013,4.5
S97,10.63624187,19.71954865,4.5
S97,10.97615957,20.6077207,4.5
S97,11.32704235,21.47396257,4.5
S97,11.59020444,22.1209027,4.5
S97,11.86433161,22.77880791,4.5
S97,12.18231913,23.52443383,4.5
S97,7.52,11.52,5
S97,8.22,13.52,5
S97,8.72,14.52,5
S97,9.726139652,16.72607991,5
S97,10.17570822,17.44977565,5
S97,10.68010222,18.40373822,5
S97,11.1187057,19.24804991,5
S97,11.50248374,19.96078056,5
S97,11.88626178,20.6077207,5
S97,12.25907474,21.34238152,5
S97,12.64285278,21.93449622,5
S97,7.57,11.52,5.5
S97,8.32,13.52,5.5
S97,8.82,14.52,5.5
S97,10.15377804,16.6493243,5.5
S97,10.6910673,17.31819461,5.5
S97,11.19546131,18.00899509,5.5
S97,11.69985531,18.6669003,5.5
S97,12.20424931,19.24804991,5.5
S97,12.62092261,19.73051374,5.5
S97,12.91697996,20.15815213,5.5
S153,4.919790177,17.88806519,1.5
S153,5.017371662,18.26863298,1.5
S153,5.105194999,18.76629855,1.5
S153,5.193018335,19.31275487,1.5
S153,5.339390562,19.89824378,1.5
S153,5.446730195,20.45445824,1.5
S153,5.524795383,20.95212381,1.5
S153,5.573586126,21.24486827,1.5
S153,5.641893165,21.79132458,1.5
S153,4.958822771,15.80957956,2
S153,5.202776483,16.45361736,2
S153,5.446730195,17.30257628,2
S153,5.680925759,18.03443742,2
S153,5.876088729,18.73702411,2
S153,6.022460956,19.38106191,2
S153,6.178591332,20.00558341,2
S153,6.266414668,20.55203972,2
S153,6.393270598,21.0497053,2
S153,6.471335786,21.46930568,2
S153,6.529884677,21.80108273,2
S153,4.81135734,14.42172717,3
S153,4.916051163,14.54545624,3
S153,5.030262607,14.69773816,3
S153,5.09543685,14.78497397,3
S153,5.476004641,15.29239769,3
S153,5.973670213,16.07304957,3
S153,6.38351245,16.85370145,3
S153,6.725047647,17.57580444,3
S153,7.02755025,18.27839113,3
S153,7.359327298,18.98097782,3
S153,7.60328101,19.62501562,3
S153,7.808202128,20.25929527,3
S153,8.022881395,20.90333307,3
S153,8.218044364,21.44003124,3
S153,8.354658443,21.79132458,3
S153,4.81135734,14.11716332,4
S153,4.944604024,14.23137477,4
S153,5.068333088,14.34558621,4
S153,5.192062152,14.45979766,4
S153,5.268203114,14.54545624,4
S153,5.344344077,14.6215972,4
S153,5.43952028,14.72629102,4
S153,5.524795383,14.79473212,4
S153,6.002944659,15.30215584,4
S153,6.63722431,16.06329142,4
S153,7.203196922,16.78539441,4
S153,7.827718425,17.66362777,4
S153,8.257076958,18.41500521,4
S153,8.744984382,19.21517338,4
S153,9.115794025,19.95679267,4
S153,9.437812925,20.63986306,4
S153,9.701282934,21.22535197,4
S153,9.994027388,21.81084088,4
S153,5.132117472,13.94386234,5
S153,5.492520135,14.28242242,5
S153,5.885686676,14.69743155,5
S153,6.104112533,14.94862128,5
S153,6.278853218,15.18888973,5
S153,6.453593903,15.41823687,5
S153,6.562806831,15.54929239,5
S153,6.65792037,15.68866993,5
S153,7.027693502,16.02925044,5
S153,7.455851865,16.43794706,5
S153,7.903471972,16.84664368,5
S153,8.292706848,17.24560943,5
S153,8.857097418,17.89757785,5
S153,9.333910141,18.49116103,5
S153,9.810722864,19.18205294,5
S153,10.2486121,19.80482874,5
S153,10.61838523,20.34002669,5
S153,11.00762011,20.88495552,5
S153,11.38712411,21.50773132,5
S153,11.55254893,21.80938835,5
S153,6.235168046,14.87217223,6
S153,6.682941052,15.28718136,6
S153,7.097950178,15.62574144,6
S153,7.49111672,16.00798669,6
S153,7.851519383,16.33562547,6
S153,8.102709117,16.56497262,6
S153,8.353898852,16.82708365,6
S153,8.495875658,17.01274562,6
S153,8.545709518,17.04126112,6
S153,8.934944393,17.39157251,6
S153,9.314448397,17.69322954,6
S153,9.742606761,18.07273354,6
S153,10.08318728,18.38412144,6
S153,10.63784698,18.9193194,6
S153,11.30927714,19.66859653,6
S153,11.91259119,20.38868105,6
S153,12.33101869,20.93360988,6
S153,12.96352536,21.78992661,6
S153,11.36992632,18.93218708,7
S153,11.93589894,19.42985265,7
S153,12.43356451,19.90800192,7
S153,12.95074638,20.43494194,7
S153,13.35083047,20.87405862,7
S153,13.73139826,21.24486827,7
S153,14.02414271,21.56688717,7
S153,14.24858013,21.79132458,7
S153,14.31688717,20.81550973,8
S153,14.79503644,21.26438456,8
S153,14.97068311,21.45954753,8
S153,15.26342757,21.68398495,8
S153,15.4097998,21.79132458,8
S153,14.54132458,21.030189,8
S191,7.894402542,18.72302684,2.5
S191,8.042705226,19.30387902,2.5
S191,8.191007909,19.7982213,2.5
S191,8.339310593,20.44086626,2.5
S191,8.47525472,20.9475671,2.5
S191,8.586481733,21.35539948,2.5
S191,8.672991632,21.71379763,2.5
S191,7.844968314,16.54792081,3
S191,8.079780897,17.22764144,3
S191,8.376386264,18.1298161,3
S191,8.660633075,19.03199076,3
S191,8.907804215,19.73642851,3
S191,9.080824013,20.37907348,3
S191,9.266202368,20.87341576,3
S191,9.46393928,21.6643634,3
S191,7.795534086,14.64470303,4
S191,8.178649352,15.33678222,4
S191,8.586481733,16.05357853,4
S191,8.932521329,16.73329916,4
S191,9.253843811,17.3265099,4
S191,9.562807736,17.91972063,4
S191,9.822337433,18.55000704,4
S191,10.13130136,19.24208623,4
S191,10.3784725,19.86001408,4
S191,10.60092652,20.5150176,4
S191,10.81102199,21.1205869,4
S191,10.97168323,21.72615619,4
S191,8.042705226,13.97734095,5
S191,8.710067303,14.9413084,5
S191,9.303278039,15.86820017,5
S191,9.896488775,16.73329916,5
S191,10.19309414,17.24,5
S191,10.62564364,18.03094765,5
S191,11.0087589,18.74774395,5
S191,11.34243994,19.4521817,5
S191,11.66376242,20.14426089,5
S191,11.94800924,20.74983019,5
S191,12.12102903,21.17002112,5
S191,12.3311245,21.73851475,5
S191,8.759501531,14.33573911,6
S191,9.402146495,14.8547985,6
S191,10.04479146,15.59631192,6
S191,10.42790673,16.14008843,6
S191,10.87281478,16.79509195,6
S191,11.36715706,17.5860396,6
S191,11.78734799,18.40170436,6
S191,12.18282182,19.10614211,6
S191,12.5906542,19.90944831,6
S191,12.88725957,20.50265905,6
S191,13.20858205,21.21945535,6
S191,13.45575319,21.67672196,6
S191,9.852672073,14.7907587,7
S191,10.68406591,15.48733192,7
S191,11.47051953,16.50972163,7
S191,12.06597728,17.53211135,7
S191,12.53784946,18.35227013,7
S191,13.15577731,19.26230933,7
S191,13.54900412,20.02629285,7
S191,13.90852578,20.68916091,7
S191,14.14446187,21.32955886,7
S191,14.32422269,21.68908052,7
S191,11.36940407,15.46486181,8
S191,11.61657521,15.73450306,8
S191,12.13338759,16.46478142,8
S191,12.56031956,17.10517938,8
S191,13.03219174,17.85792785,8
S191,13.36924329,18.44215054,8
S191,13.77370516,19.14995881,8
S191,14.09952166,19.81282687,8
S191,14.54892373,20.63298565,8
S191,14.79609487,21.11609288,8
S191,15.12191137,21.71155062,8
S191,12.11091749,15.93673399,9
S191,12.66143503,16.56589689,9
S191,13.32430308,17.38605567,9
S191,13.78494021,18.04892373,9
S191,14.40286806,18.94772788,9
S191,14.98709075,19.93641244,9
S191,15.40278767,20.74533617,9
S191,15.72860417,21.2509135,9
S191,15.96454026,21.71155062,9
S191,13.06589689,16.39737111,10
S191,13.58270927,17.15011959,10
S191,14.11075671,17.8466928,10
S191,14.62756909,18.55450106,10
S191,15.14438148,19.23983922,10
S191,15.67242891,19.98135264,10
S191,16.12183098,20.71163101,10
S191,16.45888254,21.17226813,10
S191,16.82963925,21.71155062,10
S191,13.7175299,16.92541855,11
S191,14.3466928,17.5658165,11
S191,15.11067632,18.48709075,11
S191,15.71736912,19.39712995,11
S191,16.48135264,20.32963925,11
S191,17.02063513,21.07115267,11
S191,17.4700372,21.73402073,11
S191,14.47027837,17.34111547,12
S191,15.05450106,17.93657321,12
S191,15.54884334,18.54326601,12
S191,16.09936088,19.20613407,12
S191,16.75099389,19.92517738,12
S191,17.30151142,20.6442207,12
S191,17.60485782,21.10485782,12
S191,18.06549495,21.68908052,12
S191,15.57131345,18.08262889,13
S191,16.15553614,18.75673199,13
S191,16.70605368,19.30724953,13
S191,17.31274648,20.0150578,13
S191,17.67226813,20.44198977,13
S191,18.08796505,20.90262689,13
S191,18.49242692,21.39696917,13
S191,18.73959806,21.71155062,13
S191,17.15545575,19.25107427,14
S191,17.7509135,19.90270728,14
S191,18.22278567,20.41951966,14
S191,18.59354238,20.92509699,14
S191,19.05417951,21.36326402,14
S191,19.30135065,21.71155062,14
S351,6.6,9.6,2
S351,8.722228311,17.37022333,2
S351,8.838779657,18.04363111,2
S351,9.04598205,18.5357368,2
S351,9.292034892,19.10554338,2
S351,9.602838482,19.67534996,2
S351,10.08199402,20.27105684,2
S351,10.4963988,20.82791327,2
S351,10.85900299,21.20346761,2
S351,11.35110868,21.65672285,2
S351,11.76551346,22.00637688,2
S351,7.6,10.6,3
S351,8.656520931,12.33967497,3
S351,8.896354518,13.08398611,3
S351,9.293320455,13.79521674,3
S351,9.723366888,14.43201627,3
S351,10.19476394,14.91168344,3
S351,10.68270124,15.31691951,3
S351,11.20371903,15.85447755,3
S351,11.6833862,16.30933435,3
S351,12.204404,16.79727165,3
S351,12.54347907,17.15288697,3
S351,8.648250807,10.78489172,4
S351,8.954245384,11.41342112,4
S351,9.450452806,12.16600238,4
S351,9.32640095,11.94270904,4
S351,9.731637012,12.48026708,4
S351,10.2857353,13.00128487,4
S351,10.79021285,13.4313313,4
S351,11.14582816,13.79521674,4
S351,11.51798373,14.16737231,4
S351,11.81570818,14.45682664,4
S351,12.11343264,14.73801085,4
S351,12.59309981,15.2094079,4
S351,8.615170312,9.808258606,5
S351,8.863274023,10.40446603,5
S351,9.202349095,10.82624234,5
S351,9.591044909,11.27282902,5
S351,10.19476394,11.77730656,5
S351,10.66616099,12.22389324,5
S351,11.17890866,12.79453178,5
S351,11.60068497,13.14187697,5
S351,12.04727165,13.59673378,5
S351,12.33672598,13.90272835,5
S351,12.56828944,14.13429182,5
S351,8.664791054,9.660154895,6
S351,9.086567363,10.20598306,6
S351,9.607585156,10.76835147,6
S351,10.10379258,11.26455889,6
S351,10.67443111,11.77730656,6
S351,11.12928792,12.25697374,6
S351,11.83224843,12.90204338,6
S351,12.22921437,13.27419895,6
S351,12.53520895,13.6050039,6
S351,8.639980683,9.511292668,7
S351,9.061756992,9.9413391,7
S351,9.640665651,10.47062702,7
S351,10.16168344,11.04953568,7
S351,10.76540247,11.55401322,7
S351,11.2616099,12.11638163,7
S351,11.70819658,12.48026708,7
S351,12.22094425,12.98474462,7
S351,12.56828944,13.24863006,7
S352,4.554263431,10.16510256,1
S352,4.764939817,11.23763689,1
S352,5.052225798,12.36762841,1
S352,5.224597387,13.51677234,1
S352,5.550188165,14.79998305,1
S352,5.760864551,16.06404137,1
S352,6.048150532,17.59623326,1
S352,6.297131716,18.99435837,1
S352,6.622722494,20.37333108,1
S352,6.775941684,21.40756061,1
S352,7.005770469,22.48009494,1
S352,3.983831131,5.047778304,2
S352,4.136318682,5.332421733,2
S352,4.339635417,5.65772851,2
S352,4.522620479,5.901708592,2
S352,4.592568229,5.975950618,2
S352,4.836326031,6.637578937,2
S352,5.219374005,7.386263615,2
S352,5.60242198,8.22200465,2
S352,5.985469955,9.005511871,2
S352,6.368517929,9.806430363,2
S352,6.890856076,10.78146157,2
S352,7.169436421,11.40826735,2
S352,7.37837168,11.96542804,2
S352,7.587306939,12.4181211,2
S352,8.005177457,12.99269306,2
S352,8.719039591,13.65432138,2
S352,9.311022825,14.28112716,2
S352,10.00747369,14.96016675,2
S352,10.63427946,15.62179507,2
S352,11.43519796,16.42271356,2
S352,11.97494738,17.06693061,2
S352,12.54951934,17.58926876,2
S352,4.461625459,4.986783283,3
S352,4.502288806,5.098607488,3
S352,4.61411301,5.28159255,3
S352,4.807263909,5.505240958,3
S352,4.99024897,5.739055204,3
S352,5.112239012,5.942371939,3
S352,5.264726563,6.135522838,3
S352,5.396882441,6.359171247,3
S352,5.476056177,6.483336786,3
S352,5.986228673,7.255136202,3
S352,6.561807898,8.157749079,3
S352,7.045817701,8.916467149,3
S352,7.490583467,9.57053445,3
S352,7.752210387,9.949893485,3
S352,8.092325384,10.36849656,3
S352,8.602497879,10.83942502,3
S352,9.243483835,11.57198039,3
S352,9.936795175,12.16064097,3
S352,10.3423169,12.67081346,3
S352,11.08795363,13.27255538,3
S352,11.37574324,13.69115845,3
S352,11.8466717,14.13592422,3
S352,12.500739,14.82923556,3
S352,4.359967091,4.68180818,4
S352,4.441293785,4.824129895,4
S352,4.542952153,4.9359541,4
S352,4.595163146,4.965329915,4
S352,4.942625077,5.421994167,4
S352,5.300014491,5.858803451,4
S352,5.716968808,6.444524991,4
S352,6.213342994,7.00046408,4
S352,6.382110217,7.248651173,4
S352,6.729572148,7.655678006,4
S352,7.037324143,8.042849871,4
S352,7.255728785,8.36052935,4
S352,7.503915879,8.698063797,4
S352,7.682610586,8.976033342,4
S352,7.88116026,9.194437984,4
S352,8.169057288,9.45255256,4
S352,8.586011605,9.879434361,4
S352,8.953328503,10.23682378,4
S352,9.300790433,10.59421319,4
S352,9.63832488,10.97145757,4
S352,10.02549675,11.28913705,4
S352,10.51194345,11.79543872,4
S352,10.9686077,12.31166787,4
S352,11.50469182,12.83782451,4
S352,11.89186369,13.26470631,4
S352,12.23932562,13.58238579,4
S352,12.50736768,13.87028282,4
S352,4.567024087,4.784609565,6
S352,4.871428351,5.095932107,6
S352,5.127404663,5.407254649,6
S352,5.417972369,5.711658913,6
S352,5.687785238,6.050654569,6
S352,5.985271223,6.375813669,6
S352,6.303512044,6.694054489,6
S352,6.684017373,7.143742606,6
S352,6.953830242,7.489656541,6
S352,7.251316227,7.787142526,6
S352,7.431191473,8.015445723,6
S352,7.548802212,8.209157527,6
S352,7.721759179,8.382114495,6
S352,8.067673115,8.707273594,6
S352,8.399750493,9.004759579,6
S352,8.73874615,9.364510072,6
S352,8.973967626,9.620486384,6
S352,9.292208447,9.904135811,6
S352,9.638122382,10.22237663,6
S352,10.03246427,10.6236368,6
S352,10.38529648,10.96955073,6
S352,10.68278247,11.31546467,6
S352,11.04945124,11.63370549,6
S352,11.35448444,11.94880164,6
S352,11.75071313,12.35131967,6
S352,12.0022869,12.56515738,6
S352,12.29788608,12.87333525,6
S352,12.53059182,13.13119836,6
S354,5.651181417,12.35844722,1
S354,5.892584772,13.53097781,1
S354,5.996043352,14.46210503,1
S354,6.306419094,15.53117703,1
S354,6.461606965,16.65197832,1
S354,6.737496514,17.8589951,1
S354,6.892684385,18.87633781,1
S354,7.013386062,19.72124955,1
S354,7.18581703,20.60064749,1
S354,7.289275611,21.44555923,1
S354,7.375491095,22.06631071,1
S354,7.461706579,22.56636052,1
S354,5.623236375,9.126401938,1.5
S354,6.02963933,10.24884819,1.5
S354,6.436042284,11.44870454,1.5
S354,6.803740196,12.76467601,1.5
S354,7.190790628,13.84841722,1.5
S354,7.577841061,15.10633113,1.5
S354,7.906833929,16.4223026,1.5
S354,8.177769232,17.37057616,1.5
S354,8.371294449,18.16402954,1.5
S354,8.62287723,19.0155405,1.5
S354,8.835754968,19.88640397,1.5
S354,9.009927663,20.73791492,1.5
S354,9.184100357,21.55072083,1.5
S354,9.377625574,22.17000152,1.5
S354,9.493740704,22.53769944,1.5
S354,5.642588897,7.326617425,2
S354,6.203812025,8.410358637,2
S354,6.86179776,9.823092717,2
S354,7.519783496,11.39064697,2
S354,8.139064189,13.01625879,2
S354,8.893812533,14.85474834,2
S354,9.45503566,16.32553999,2
S354,9.996906266,17.93179929,2
S354,10.50007183,19.20906571,2
S354,10.8290647,20.37021701,2
S354,11.15805756,21.47331075,2
S354,11.545108,22.55705196,2
S354,5.601889068,6.326114213,3
S354,5.863703874,6.789325024,3
S354,6.145658281,7.151837833,3
S354,6.52831069,7.715746646,3
S354,6.910963099,8.400493063,3
S354,7.37417391,9.044960278,3
S354,7.696407518,9.588729491,3
S354,8.099199528,10.23319671,3
S354,8.461712336,10.85752432,3
S354,8.783945944,11.38115393,3
S354,9.126319152,12.00548155,3
S354,9.508971562,12.67008837,3
S354,9.85134477,13.37497438,3
S354,10.31455558,14.200698,3
S354,10.73748719,14.96600282,3
S354,11.1604188,15.77158684,3
S354,11.46251281,16.43619366,3
S354,11.82502562,17.14107967,3
S354,5.637644046,5.974556378,4
S354,5.849480565,6.322573517,4
S354,6.076448264,6.640328295,4
S354,6.409334222,7.003476614,4
S354,6.78761372,7.442280831,4
S354,7.271811478,8.123183928,4
S354,7.650090976,8.728431125,4
S354,8.104026374,9.303415963,4
S354,8.467174692,9.83300726,4
S354,8.96650363,10.5593039,4
S354,9.465832568,11.28560053,4
S354,10.05594858,12.10268425,4
S354,10.54014634,12.79871853,4
S354,11.00921292,13.52501516,4
S354,11.37236124,14.11513118,4
S354,11.75064074,14.69011602,4
S354,12.05326434,15.17431377,4
S354,5.610257861,5.934164882,5
S354,5.835349793,6.209277244,5
S354,6.172987693,6.55942025,5
S354,6.498120485,6.934573472,5
S354,6.785737954,7.297221586,5
S354,7.210911605,7.784920774,5
S354,7.636085256,8.285125069,5
S354,7.973723155,8.772824257,5
S354,8.486432558,9.335554089,5
S354,9.011647068,9.973314565,5
S354,9.461830933,10.57355972,5
S354,10.0870863,11.32386616,5
S354,10.53727017,11.94912153,5
S354,10.97494893,12.54936669,5
S354,11.33759704,13.01205566,5
S354,11.6127094,13.39971399,5
S354,11.87531666,13.71234167,5
S354,5.669228828,5.894670191,6
S354,5.932220168,6.170811098,6
S354,6.260959343,6.499550273,6
S354,6.563399384,6.894037283,6
S354,6.89213856,7.249075592,6
S354,7.273476003,7.69616087,6
S354,7.589065611,8.038049612,6
S354,7.852056951,8.366788787,6
S354,8.285992662,8.905921034,6
S354,8.838274476,9.471352415,6
S354,9.456304125,10.16827947,6
S354,9.969137238,10.85205695,6
S354,10.52141905,11.53583443,6
S354,10.99480346,12.11441538,6
S354,11.44188874,12.64039806,6
S354,11.90212359,13.25842771,6
S354,5.642929694,5.802623222,7
S354,5.866472333,6.013016294,7
S354,6.103164539,6.276007634,7
S354,6.431903714,6.657345077,7
S354,6.80009159,7.051832087,7
S354,7.128830766,7.446319097,7
S354,7.510168209,7.867105241,7
S354,7.878356085,8.261592251,7
S354,8.193945693,8.682378395,7
S354,8.522684868,8.971668869,7
S354,8.838274476,9.366155879,7
S354,9.153864084,9.721194188,7
S354,9.600949362,10.1945786,7
S354,9.929688537,10.54961691,7
S354,10.37677381,11.08874916,7
S354,10.71866256,11.5095353,7
S354,11.11314957,11.96977015,7
S354,11.54708528,12.46945369,7
S354,11.96787142,12.99543637,7
S354,11.8350512,12.53685315,8
S354,11.34191558,12.00649976,8
S354,10.78364885,11.33657968,8
S354,10.09511989,10.5829196,8
S354,9.62989761,10.08047954,8
S354,9.006499761,9.382646128,8
S354,8.522668594,8.870901625,8
S354,7.843444072,8.173068212,8
